"","program","percent_poc_concentration","poverty_rate_concentration","med_hh_income_concentration","pop_density_concentration","access_to_car_concentration","age_over_64_concentration","age_under_18_concentration","airports_primary_concentration","annual_vehicle_mi_per_hh_concentration","avg_hh_person_trips_concentration","bridges_concentration","bridges_poor_condition_concentration","broadband_speed_concentration","capacity_environment_concentration","capacity_housing_concentration","capacity_transport_concentration","cnw_500_concentration","commute_time_concentration","contaminated_sites_concentration","diesel_pm_concentration","docks_concentration","employment_access_index_concentration","energy_cost_hh_concentration","freq_fatal_accidents_concentration","ghg_per_acre_concentration","green_commute_concentration","hh_int_access_concentration","highway_miles_concentration","homelessness_concentration","housing_cost_burden_concentration","housing_units_concentration","hud_202_concentration","hud_hcv_concentration","hud_pbs8_concentration","hud_ph_concentration","incomplete_kitchen_concentration","incomplete_plumbing_concentration","intercity_km_concentration","overcrowded_housing_concentration","ozone_concentration","permits_concentration","pm25_concentration","pub_transit_commute_concentration","pub_transit_stops_concentration","rail_transit_km_concentration","rr_freight_route_miles_concentration","rr_incident_killed_concentration","rr_incident_number_concentration","rr_pax_route_miles_concentration","stations_elevated_concentration","stations_subway_concentration","superfund_site_concentration","transport_costs_concentration","transport_trade_jobs_concentration","vacancy_rate_concentration","water_system_violations_concentration"
"1","acp_outreach",0.417075604603035,-0.0221786594471882,-0.0160640610747471,0.285431252596259,NA,NA,NA,NA,NA,NA,NA,NA,-0.162862207608115,NA,0.000286809143031919,NA,NA,NA,NA,NA,NA,NA,NA,NA,NA,NA,-0.00438469978194855,NA,NA,-0.220298301647386,0.303621680460858,NA,NA,NA,NA,NA,NA,NA,NA,NA,NA,NA,NA,NA,NA,NA,NA,NA,NA,NA,NA,NA,NA,NA,NA,NA
"2","ag_rcpp",-0.753902643257438,0.796295505922267,-0.169721400185161,-0.966255827747974,NA,NA,NA,NA,NA,NA,NA,NA,NA,-0.173408741778392,NA,NA,-0.432688464933974,NA,0.324591252453237,-0.372055095039052,NA,NA,NA,NA,-0.758647861171072,NA,NA,NA,NA,NA,NA,NA,NA,NA,NA,NA,NA,NA,NA,-0.499431070282604,NA,-0.947156266764859,NA,NA,NA,NA,NA,NA,NA,NA,NA,NA,NA,NA,NA,1.43703406166245
"3","ag_reap",-0.360686036619426,0.722852742589975,0.920925970335926,-0.820833198751535,NA,NA,NA,NA,NA,NA,NA,NA,NA,0.516072362395816,NA,NA,NA,NA,NA,-0.76920420912258,NA,NA,1.43557358223664,NA,-0.67808881688912,NA,NA,NA,NA,NA,NA,NA,NA,NA,NA,NA,NA,NA,NA,-0.682768411317879,NA,-0.671287947088438,NA,NA,NA,NA,NA,NA,NA,NA,NA,NA,NA,NA,NA,NA
"4","ag_reconnect",-0.108319029755405,1.28716125917327,1.95399731400207,-0.993878609427589,NA,NA,NA,NA,NA,NA,NA,NA,1.88295821939572,NA,NA,NA,NA,NA,NA,NA,NA,NA,NA,NA,NA,NA,1.94830466535706,NA,NA,NA,NA,NA,NA,NA,NA,NA,NA,NA,NA,NA,NA,NA,NA,NA,NA,NA,NA,NA,NA,NA,NA,NA,NA,NA,NA,NA
"5","ag_urban_forest",-0.0616597988605344,-0.181288971484736,-0.419554530213207,-0.053987674321586,NA,NA,NA,NA,NA,NA,NA,NA,NA,0.0624047796504699,NA,NA,NA,NA,NA,0.113351982812403,NA,NA,NA,NA,0.165459048778269,NA,NA,NA,NA,NA,NA,NA,NA,NA,NA,NA,NA,NA,NA,-0.0685373991697922,NA,-0.171259693845091,NA,NA,NA,NA,NA,NA,NA,NA,NA,NA,NA,NA,NA,NA
"6","airport_infrastructure_comp",-0.0115377641378731,0.593644306642691,1.07204744490945,-0.86188659084285,NA,NA,NA,0.826647300144292,NA,NA,NA,NA,NA,NA,NA,0.248140756216563,NA,NA,NA,NA,NA,NA,NA,NA,NA,NA,NA,NA,NA,NA,NA,NA,NA,NA,NA,NA,NA,NA,NA,NA,NA,NA,NA,NA,NA,NA,NA,NA,NA,NA,NA,NA,NA,NA,NA,NA
"7","airport_infrastructure_formula",0.266248840006652,-0.396377161448925,-0.306697083678623,-0.343348544434887,NA,NA,NA,0.341554104939079,NA,NA,NA,NA,NA,NA,NA,NA,NA,NA,NA,NA,NA,NA,NA,NA,NA,NA,NA,NA,NA,NA,NA,NA,NA,NA,NA,NA,NA,NA,NA,NA,NA,NA,NA,NA,NA,NA,NA,NA,NA,NA,NA,NA,NA,NA,NA,NA
"8","airport_terminal",0.0752243321026436,-0.447310794260819,-0.443812174916145,0.145913461998766,NA,NA,NA,0.128311310535928,NA,NA,NA,NA,NA,NA,NA,-0.118350613589712,NA,NA,NA,NA,NA,NA,NA,NA,NA,NA,NA,NA,NA,NA,NA,NA,NA,NA,NA,NA,NA,NA,NA,NA,NA,NA,NA,NA,NA,NA,NA,NA,NA,NA,NA,NA,NA,NA,NA,NA
"9","asap",-1,-0.955237209243049,-0.953805047483522,2.24406068722995,NA,NA,NA,NA,NA,0.743569999906849,NA,NA,NA,NA,NA,-0.398346771715421,NA,NA,NA,NA,NA,NA,NA,NA,NA,2.36262094992503,NA,NA,NA,NA,NA,NA,NA,NA,NA,NA,NA,NA,NA,NA,NA,NA,2.68349039260769,0.827225418645988,NA,NA,NA,NA,NA,2.10416379625157,2.68283135954273,NA,-1,NA,NA,NA
"10","bric",0.0190909863927551,0.17681969320632,-0.112361876820972,0.12197450816794,NA,NA,NA,NA,NA,NA,NA,NA,NA,NA,NA,NA,NA,NA,NA,NA,NA,NA,NA,NA,NA,NA,NA,NA,NA,NA,NA,NA,NA,NA,NA,NA,NA,NA,NA,NA,NA,NA,NA,NA,NA,NA,NA,NA,NA,NA,NA,NA,NA,NA,NA,NA
"11","bridge",-0.341996432904877,-0.0931273502359654,-0.0517725032942112,-0.681408354945928,NA,NA,NA,NA,NA,-0.99757633304642,0.159387679543958,-0.272127239859832,NA,NA,NA,-0.336737744169643,NA,NA,NA,NA,NA,NA,NA,NA,NA,NA,NA,NA,NA,NA,NA,NA,NA,NA,NA,NA,NA,NA,NA,NA,NA,NA,NA,NA,NA,NA,NA,NA,NA,NA,NA,NA,NA,NA,NA,NA
"12","brownfield",-0.390125528156491,0.440613569190615,0.717422837408261,-0.499477765858587,NA,NA,NA,NA,NA,NA,NA,NA,NA,0.459040244083561,NA,NA,-0.153390342860074,NA,1.09763098628055,NA,NA,NA,NA,NA,NA,NA,NA,NA,NA,NA,NA,NA,NA,NA,NA,NA,NA,NA,NA,NA,NA,NA,NA,NA,NA,NA,NA,NA,NA,NA,NA,0.312037617142213,NA,NA,NA,0.757919333434241
"13","buses",-0.0597780654265235,0.0597392628571829,-0.314251285851618,-0.0602678385355101,NA,NA,NA,NA,-0.37672161518875,-0.1158154096827,NA,NA,NA,NA,NA,-0.401362074831404,NA,NA,NA,NA,NA,NA,NA,NA,NA,0.351303601388992,NA,NA,NA,NA,NA,NA,NA,NA,NA,NA,NA,NA,NA,NA,NA,NA,0.114582024657839,0.634281051462519,NA,NA,NA,NA,NA,NA,NA,NA,-0.263116540440401,NA,NA,NA
"14","capital_investment",0.701343503581765,-0.840947000413244,-0.932627970551649,0.862097879721843,-0.0257646532638481,NA,NA,NA,-0.820921298654352,0.878018662691687,NA,NA,NA,NA,NA,-0.333819835958321,NA,1.57074567946217,NA,NA,NA,-0.917350469568823,NA,NA,NA,1.44842093504842,NA,-0.829345264014506,NA,NA,NA,NA,NA,NA,NA,NA,NA,NA,NA,NA,NA,NA,1.63567460970243,0.538398179834776,NA,NA,NA,NA,NA,NA,NA,NA,-0.937750584898816,NA,NA,NA
"15","carbon_capture_dem",0.12769346017245,0.260578316816538,-0.848356132596271,0.0672093219932228,NA,NA,NA,NA,NA,NA,NA,NA,NA,1.30110432051233,NA,NA,NA,NA,NA,-0.97264066013728,NA,0.299830112605128,0.249597778287949,NA,-1,NA,NA,NA,NA,NA,NA,NA,NA,NA,NA,NA,NA,NA,NA,-0.0143906840362786,NA,0.190609452471457,NA,NA,NA,NA,NA,NA,NA,NA,NA,NA,NA,NA,NA,NA
"16","cdbg_entitlement",0.0517416732147133,-0.160202882901954,-0.298830202756327,0.43019004551531,NA,NA,NA,NA,NA,NA,NA,NA,NA,NA,0.00694168538528039,NA,NA,NA,NA,NA,NA,NA,NA,NA,NA,NA,NA,NA,0.277188494825771,0.218894620718115,0.00898703756857944,NA,NA,NA,0.228319360569156,-0.0972712377189322,-0.142689580515244,NA,0.255474262588893,NA,0.156616558621299,NA,NA,NA,NA,NA,NA,NA,NA,NA,NA,NA,NA,NA,-0.322594947722903,NA
"17","charge_fuel_infra",1.4389003968821,0.581799838324042,0.497545370350182,-0.349937035816537,-0.349171522496342,NA,NA,NA,0.621137035779794,1.24971382467461,NA,NA,NA,NA,NA,0.346406882483893,NA,NA,NA,-0.196635644092477,NA,NA,0.111631594391344,NA,0.217900568976038,NA,NA,-0.8938374075603,NA,NA,NA,NA,NA,NA,NA,NA,NA,NA,NA,1.12201023259912,NA,-0.671419109560374,NA,NA,NA,NA,NA,NA,NA,NA,NA,NA,0.727725043639362,-0.337552514810554,NA,NA
"18","clean_hydrogen",-1,1.31580778543008,1.26093947397612,-1,NA,NA,NA,NA,NA,NA,NA,NA,NA,-0.159439629614239,NA,NA,NA,NA,NA,-1,NA,2.50181888917062,1.15254226920112,NA,-1,NA,NA,NA,NA,NA,NA,NA,NA,NA,NA,NA,NA,NA,NA,-1,NA,-0.15393174781872,NA,NA,NA,NA,NA,NA,NA,NA,NA,NA,NA,NA,NA,NA
"19","clean_school_bus",-0.480525218555194,0.176478262791393,0.15814883582376,0.161851876216078,NA,NA,-0.192278235291278,NA,-0.136719808914236,NA,NA,NA,NA,-0.153608976990012,NA,0.0182816778669503,NA,NA,NA,NA,NA,NA,NA,NA,NA,NA,NA,NA,NA,NA,NA,NA,NA,NA,NA,NA,NA,NA,NA,NA,NA,NA,NA,NA,NA,NA,NA,NA,NA,NA,NA,NA,0.0996913881345531,NA,NA,NA
"20","climate_coasts",-0.322367187334044,0.369798508019721,0.360755103134304,-0.792325483973682,NA,NA,NA,NA,NA,NA,NA,NA,NA,-0.683548098578334,NA,NA,-0.0576036809869274,NA,NA,NA,NA,NA,NA,NA,NA,NA,NA,NA,NA,NA,NA,NA,NA,NA,NA,NA,NA,NA,NA,NA,NA,NA,NA,NA,NA,NA,NA,NA,NA,NA,NA,NA,NA,NA,NA,NA
"21","coc",0.211550311610892,-0.353007460457797,-0.514388973877067,0.563244333153765,NA,NA,NA,NA,NA,NA,NA,NA,NA,NA,-0.110383712204906,NA,NA,NA,NA,NA,NA,NA,NA,NA,NA,NA,NA,NA,0.68971732558881,0.215963642724692,0.225760904858901,NA,NA,NA,NA,NA,NA,NA,0.339904951695142,NA,NA,NA,NA,NA,NA,NA,NA,NA,NA,NA,NA,NA,NA,NA,-0.458775595955435,NA
"22","crisi",0.857535669698698,0.676144003363895,0.968685349892496,-0.0228262955705978,0.300598653225616,NA,NA,NA,0.911789408149534,0.537685157033778,NA,NA,NA,NA,NA,0.392151105780031,NA,0.0582449591075425,NA,NA,NA,NA,NA,0.926087426399513,NA,0.156885239288463,NA,0.482406290594219,NA,NA,NA,NA,NA,NA,NA,NA,NA,NA,NA,NA,NA,NA,NA,NA,0.218418319097628,1.07676119221146,0.0532285279641407,-0.153876712425032,-0.369944211611962,NA,NA,NA,1.06745673201684,-0.800266407326653,NA,NA
"23","culvert_restore",-0.969853017212527,0.289320098227117,0.363507035331807,-0.930911651841252,NA,NA,NA,NA,NA,NA,0.351344033681985,-0.502252473867709,NA,NA,NA,NA,-0.643782763908004,NA,NA,NA,NA,NA,NA,NA,NA,NA,NA,NA,NA,NA,NA,NA,NA,NA,NA,NA,NA,NA,NA,NA,NA,NA,NA,NA,NA,NA,NA,NA,NA,NA,NA,NA,NA,NA,NA,NA
"24","dac_hubs",-1,2.83840930740855,2.96121717828802,-1,NA,NA,NA,NA,NA,NA,NA,NA,NA,-1,NA,NA,NA,NA,NA,-1,NA,2.97754461265316,-1,NA,-1,NA,NA,NA,NA,NA,NA,NA,NA,NA,NA,NA,NA,NA,NA,-1,NA,-1,NA,NA,NA,NA,NA,NA,NA,NA,NA,NA,NA,NA,NA,NA
"25","dhs_flood",-0.194835968996638,0.848594207486506,0.407730046956658,-0.210170342145364,NA,NA,NA,NA,NA,NA,NA,NA,NA,NA,NA,NA,1.01593100743587,NA,NA,NA,NA,NA,NA,NA,NA,NA,NA,NA,NA,NA,NA,NA,NA,NA,NA,NA,NA,NA,NA,NA,NA,NA,NA,NA,NA,NA,NA,NA,NA,NA,NA,NA,NA,NA,NA,NA
"26","doe_battery",-0.423848600139476,1.70093680944554,1.54919325509514,-0.926281911851771,NA,NA,NA,NA,NA,NA,NA,NA,NA,NA,NA,NA,NA,NA,0.493941733648528,-0.690170897377362,NA,1.95826764931407,1.33332591126641,NA,-0.759672449204096,NA,NA,NA,NA,NA,NA,NA,NA,NA,NA,NA,NA,NA,NA,-1,NA,-0.594871618260347,NA,NA,NA,NA,NA,NA,NA,NA,NA,NA,NA,NA,NA,NA
"27","doe_carbon_storage",-0.264250982089807,1.02307231466674,0.986369045847208,0.215004095664831,NA,NA,NA,NA,NA,NA,NA,NA,NA,-0.457416285430058,NA,NA,NA,NA,NA,-0.0422046999623439,NA,1.23925791213394,0.0783202176852351,NA,0.0180329599778846,NA,NA,NA,NA,NA,NA,NA,NA,NA,NA,NA,NA,NA,NA,-0.621566510978376,NA,0.46186829161506,NA,NA,NA,NA,NA,NA,NA,NA,NA,NA,NA,NA,NA,NA
"28","doe_grid_innovation",-0.679471505477159,-1,-0.674576473703697,-1,NA,NA,NA,NA,NA,NA,NA,NA,NA,NA,NA,NA,NA,NA,NA,1.57438997790363,NA,NA,-1,NA,0.641936097711234,NA,NA,NA,NA,NA,NA,NA,NA,NA,NA,NA,NA,NA,NA,-1,NA,-1,NA,NA,NA,NA,NA,NA,NA,NA,NA,NA,NA,NA,NA,NA
"29","doe_grid_resilience",0.155114438670287,0.402711648118346,0.533948033847264,0.174410588584508,NA,NA,NA,NA,NA,NA,NA,NA,NA,NA,NA,NA,NA,NA,NA,-0.320188526562239,NA,NA,-0.0977469229717136,NA,-0.757056601796847,NA,NA,NA,NA,NA,NA,NA,NA,NA,NA,NA,NA,NA,NA,-0.133523798773615,NA,-1,NA,NA,NA,NA,NA,NA,NA,NA,NA,NA,NA,NA,NA,NA
"30","doe_hydrogen_electro",-0.366597706383774,-0.227283441394229,-0.385542587685007,0.123864933221014,NA,NA,NA,NA,NA,NA,NA,NA,NA,1.00148303663355,NA,NA,NA,NA,NA,-0.670503879079099,NA,-0.757286984001204,-0.0796874007359886,NA,-0.123490702074678,NA,NA,NA,NA,NA,NA,NA,NA,NA,NA,NA,NA,NA,NA,-0.315632619823375,NA,0.0186809177356095,NA,NA,NA,NA,NA,NA,NA,NA,NA,NA,NA,NA,NA,NA
"31","doe_rural_energy",0.494167305238607,1.1532421274293,1.82662808200219,-1,NA,NA,NA,NA,NA,NA,NA,NA,NA,NA,NA,NA,NA,NA,NA,-1,NA,NA,0.191275205530067,NA,-1,NA,NA,NA,NA,NA,NA,NA,NA,NA,NA,NA,NA,NA,NA,-0.733439486948068,NA,-1,NA,NA,NA,NA,NA,NA,NA,NA,NA,NA,NA,NA,NA,NA
"32","doi_aging_infra",0.647870632431378,0.276080780052555,0.301272326579349,-0.831273757602576,NA,NA,NA,NA,NA,NA,NA,NA,NA,NA,NA,NA,NA,NA,NA,NA,NA,NA,NA,NA,NA,NA,NA,NA,NA,NA,NA,NA,NA,NA,NA,NA,NA,NA,NA,NA,NA,NA,NA,NA,NA,NA,NA,NA,NA,NA,NA,NA,NA,NA,NA,0.913934701697447
"33","doi_drought",1.22696544984998,0.525186575940016,0.595453369009851,-0.461449932343652,NA,NA,NA,NA,NA,NA,NA,NA,NA,NA,NA,NA,-0.999698841397439,NA,NA,NA,NA,NA,NA,NA,NA,NA,NA,NA,NA,NA,NA,NA,NA,NA,NA,NA,NA,NA,NA,NA,NA,NA,NA,NA,NA,NA,NA,NA,NA,NA,NA,NA,NA,NA,NA,-0.397117475368185
"34","doi_rural_water",-0.289557183602826,-0.298413460481634,0.405328793582979,-1,NA,NA,NA,NA,NA,NA,NA,NA,NA,0.876690929800322,NA,NA,NA,NA,1.87186041316813,NA,NA,NA,NA,NA,NA,NA,NA,NA,NA,NA,NA,NA,NA,NA,NA,NA,NA,NA,NA,NA,NA,NA,NA,NA,NA,NA,NA,NA,NA,NA,NA,-0.638512202898177,NA,NA,NA,-0.283883557924555
"35","doi_water_recycle",1.67650254991675,-0.669270708692383,-0.690995826496993,-0.426076938918753,NA,NA,NA,NA,NA,NA,NA,NA,NA,-0.701665078182753,NA,NA,NA,NA,-0.71360344375318,NA,NA,NA,NA,NA,NA,NA,NA,NA,NA,NA,NA,NA,NA,NA,NA,NA,NA,NA,NA,NA,NA,NA,NA,NA,NA,NA,NA,NA,NA,NA,NA,-0.554330576639611,NA,NA,NA,-0.586130990820334
"36","doi_water_storage",1.35241274315724,0.251127088470639,0.215943252109413,0.606385273840116,NA,NA,NA,NA,NA,NA,NA,NA,NA,-0.952939276721951,NA,NA,NA,NA,-0.000647384220626268,NA,NA,NA,NA,NA,NA,NA,NA,NA,NA,NA,NA,NA,NA,NA,NA,NA,NA,NA,NA,NA,NA,NA,NA,NA,NA,NA,NA,NA,NA,NA,NA,-0.499312688158044,NA,NA,NA,-0.823322411915979
"37","dot_tc",-0.0644947273077668,0.776676219671344,0.913234688913307,-0.699365856762677,-0.205880805406726,NA,NA,NA,0.786619737208155,-0.449820557738516,0.968995546814098,-0.00513259485761275,NA,NA,NA,-0.520745414761854,NA,-0.564314974696839,NA,-0.19555057027898,NA,1.2694853154399,NA,0.483495690066471,-0.266254963106023,0.0622796593581996,NA,0.288836368960506,NA,NA,NA,NA,NA,NA,NA,NA,NA,0.341307953636817,NA,-0.503412351449734,NA,-0.276858248769251,-0.231500666707087,0.379185722562663,-0.314729762568466,0.899782115480697,0.233197792535181,0.383822454359692,0.536135887571809,-0.755638682930634,-0.515214357117646,NA,0.914492276660048,-0.626081024465566,NA,NA
"38","elderly",-0.0998622182531188,-0.284617657340588,-0.317960213307684,0.736337952666583,NA,-0.128505611864651,NA,NA,NA,NA,NA,NA,NA,NA,-0.164183436298753,NA,NA,NA,NA,NA,NA,NA,NA,NA,NA,NA,NA,NA,0.529929482732979,0.335726757899902,-0.190219980160022,1.04681431937489,NA,NA,NA,-0.240860390217647,-0.257219722173075,NA,0.318830839928278,NA,0.0584320162228555,NA,NA,NA,NA,NA,NA,NA,NA,NA,NA,NA,NA,NA,-0.256484928490541,NA
"39","epa_great_lakes",-1,-0.466201788740246,-0.965085186107582,0.0329733974929494,NA,NA,NA,NA,NA,NA,NA,NA,NA,-0.462256463419596,NA,NA,-0.950805655557426,NA,2.8715257285477,NA,NA,NA,NA,NA,NA,NA,NA,NA,NA,NA,NA,NA,NA,NA,NA,NA,NA,NA,NA,NA,NA,NA,NA,NA,NA,NA,NA,NA,NA,NA,NA,NA,NA,NA,NA,0.144640469522646
"40","ferry_rural_comms",-0.0814005432350802,-0.675417437884398,-0.665032590885126,1.37842244256631,NA,NA,NA,NA,NA,0.647752673459357,NA,NA,NA,NA,NA,-0.139189167005641,0.314959238564264,NA,NA,NA,1.65227369861393,0.189554455603719,NA,NA,NA,2.00156447679205,NA,NA,NA,NA,NA,NA,NA,NA,NA,NA,NA,NA,NA,NA,NA,NA,1.75676479605369,-0.0147333354832063,NA,NA,NA,NA,NA,NA,NA,NA,-0.848835778530792,NA,NA,NA
"41","fhwa_carbon",0.062096059389477,-0.170953772580915,-0.240309372882329,0.120148096566836,NA,NA,NA,NA,NA,0.074146558038386,NA,NA,NA,0.0189094394861258,NA,-0.0148576508303887,NA,NA,NA,NA,NA,NA,NA,NA,NA,NA,NA,NA,NA,NA,NA,NA,NA,NA,NA,NA,NA,NA,NA,NA,NA,NA,NA,0.14756246332615,NA,NA,NA,NA,NA,NA,NA,NA,NA,NA,NA,NA
"42","fhwa_protect_comp",-0.488432785854384,-0.303424450466314,-0.717758479322779,-0.0775722659498485,NA,NA,NA,NA,NA,0.0449599497637092,NA,-0.156964847645481,NA,-0.123036175770231,NA,-0.059942228049687,NA,NA,NA,NA,0.193323563873933,NA,NA,NA,NA,NA,NA,-0.023654566403254,NA,NA,NA,NA,NA,NA,NA,NA,NA,0.38816526507494,NA,NA,NA,NA,0.139079032920101,NA,0.340613665633178,-0.171637707507201,NA,NA,-0.116533057475288,NA,NA,NA,NA,0.115688953977543,NA,NA
"43","fhwa_stp",0.164067344264187,-0.321081361547026,-0.435772787764408,0.302071586490952,0.151957025731127,NA,NA,NA,-0.490386468787517,0.156066657535177,NA,NA,NA,NA,NA,-0.0372791743267662,NA,0.164577242696492,NA,NA,NA,NA,NA,-0.379230936041623,NA,0.173126273390191,NA,-0.36666102288619,NA,NA,NA,NA,NA,NA,NA,NA,NA,NA,NA,NA,NA,NA,0.239897317573209,0.194765933110904,NA,NA,NA,NA,NA,NA,NA,NA,-0.500786859732087,NA,NA,NA
"44","fhwa_tap",0.177078634299854,-0.286344574528456,-0.420960117413593,0.251365544154804,0.0562654634658277,NA,NA,NA,-0.500144854650764,0.106333296021337,-0.464430670340642,-0.113607802670314,NA,NA,NA,-0.051086832777604,NA,0.154266552311721,-0.133465506009275,0.28607921068816,NA,NA,NA,-0.342566547843,0.171589247808791,0.101139357118045,NA,-0.386557938709331,NA,NA,NA,NA,NA,NA,NA,NA,NA,-0.0973437360939853,NA,0.237620612063318,NA,0.352743983633553,0.16005097598444,0.168451453400698,0.163478952262798,NA,NA,NA,NA,0.279155383204234,0.222595453543303,NA,NA,NA,NA,NA
"45","fra_intercity_rail",0.087507085756098,-0.514759961054042,-0.66615664217016,1.30653068024809,1.49441029556857,NA,NA,NA,-0.248868315524354,0.761442568008998,NA,NA,NA,NA,NA,1.3318993380297,NA,1.51606768499072,NA,NA,NA,NA,NA,-0.255924539714959,NA,1.33989148341797,NA,-0.881414424413319,NA,NA,NA,NA,NA,NA,NA,NA,NA,NA,NA,NA,NA,NA,NA,NA,1.73847251221986,-0.662815093584134,-0.652283797655458,-0.653095457870585,-0.392638407052893,NA,NA,NA,-0.264406690167356,-0.741088471228606,NA,NA
"46","fra_rail_cross",0.246249995252891,-0.168285709450843,-0.121024148740822,-0.0212773497713797,NA,NA,NA,NA,NA,0.273179144115548,NA,NA,NA,NA,NA,-0.26941480311557,NA,NA,NA,NA,NA,NA,NA,0.149595380283344,NA,NA,NA,NA,NA,NA,NA,NA,NA,NA,NA,NA,NA,NA,NA,NA,NA,NA,NA,NA,-0.387908596208182,1.12237794429087,0.867482559193367,1.3902268339504,0.168572672827761,NA,NA,NA,NA,NA,NA,NA
"47","fs_wildfire",-0.408309792771525,1.43965799948356,1.68590835266992,-0.991506880483104,NA,NA,NA,NA,NA,NA,NA,NA,NA,-0.426678188439482,NA,NA,NA,NA,NA,-0.864331330202262,NA,NA,NA,NA,-0.872591684224205,NA,NA,NA,NA,NA,NA,NA,NA,NA,NA,NA,NA,NA,NA,-0.866393588128142,NA,-0.918872733406814,NA,NA,NA,NA,NA,NA,NA,NA,NA,NA,NA,NA,NA,NA
"48","fta_5307_5340",0.00326405459152057,-0.496963637577989,-0.590609751221854,0.937921244227121,1.00811758895773,NA,NA,NA,-0.598097128417275,0.495589937295232,NA,NA,NA,NA,NA,-0.22881168312118,NA,0.983081681371337,NA,NA,NA,-0.634389500802356,NA,NA,NA,1.01748432239294,NA,-0.404024533317275,NA,NA,NA,NA,NA,NA,NA,NA,NA,NA,NA,NA,NA,NA,1.13146881414866,0.330504656021417,NA,NA,NA,NA,NA,NA,NA,NA,-0.618594736744449,NA,NA,NA
"49","fta_5310",0.131368318186308,-0.255105584287645,-0.375543165130533,0.310808815477708,NA,-0.168162753489828,NA,NA,-0.55452933958085,0.124357463578227,NA,NA,NA,NA,NA,-0.0518427410889167,NA,NA,NA,NA,NA,NA,NA,NA,NA,0.244633362726273,NA,NA,NA,NA,NA,NA,NA,NA,NA,NA,NA,NA,NA,NA,NA,NA,0.317353438811012,0.175445723747852,NA,NA,NA,NA,NA,NA,NA,NA,-0.512221605980957,NA,NA,NA
"50","fta_5337_combined",0.0260715302565537,-0.857634593688531,-0.920841146416341,1.78532634026476,1.86161164834844,NA,NA,NA,-0.871687380831003,0.812903587401755,NA,NA,NA,NA,NA,-0.534337584159279,NA,1.90144629916695,NA,NA,NA,-0.966564725416431,NA,NA,NA,1.92813278354211,NA,-0.628479176568808,NA,NA,NA,NA,NA,NA,NA,NA,NA,NA,NA,NA,NA,NA,2.15569335044366,0.516456115495764,2.16338265275573,NA,NA,NA,NA,NA,NA,NA,-0.956223013756008,NA,NA,NA
"51","fta_5339",0.351054322084192,-0.413160248290939,-0.576459656105945,0.57606685627646,NA,NA,NA,NA,-0.63525550939168,0.380357858382209,NA,NA,NA,NA,NA,-0.137860459603314,NA,NA,NA,NA,NA,NA,NA,NA,NA,0.603839290576293,NA,NA,NA,NA,NA,NA,NA,NA,NA,NA,NA,NA,NA,NA,NA,NA,0.695112222776506,0.292782600035114,NA,NA,NA,NA,NA,NA,NA,NA,-0.64031006348853,NA,NA,NA
"52","fta_rail_vehicle",-0.791081595075889,-0.419615821607487,-0.613961704888144,1.29108938521178,NA,NA,NA,NA,NA,-0.849201717692124,NA,NA,NA,NA,NA,-0.257329069013212,NA,NA,NA,NA,NA,NA,NA,NA,NA,NA,NA,NA,NA,NA,NA,NA,NA,NA,NA,NA,NA,NA,NA,NA,NA,NA,NA,1.43865978916275,1.57400947506986,-0.285567563397332,NA,NA,0.649261008716898,NA,NA,NA,NA,NA,NA,NA
"53","grrp_comp",-0.828489250140095,0.95625493659432,0.844052563968608,0.178788904620434,NA,NA,NA,NA,NA,NA,NA,NA,NA,NA,-0.118695373960265,NA,NA,NA,NA,-0.509552969779841,NA,NA,-0.658074498256822,NA,-0.448801333702464,NA,NA,NA,NA,-1,-0.824167417650901,1.3844751660157,1.00801954316448,1.47508044005826,0.143531579815801,NA,NA,NA,NA,-0.229882630840765,NA,-0.821664371680383,NA,NA,NA,NA,NA,NA,NA,NA,NA,NA,NA,NA,NA,NA
"54","grrp_elements",-0.474005756177713,-0.335324742184565,-0.439417438652057,0.657223927292615,NA,NA,NA,NA,NA,NA,NA,NA,NA,NA,0.206789763549281,NA,NA,NA,NA,0.0405899823863858,NA,NA,-0.308576055431885,NA,-0.0263296017025424,NA,NA,NA,NA,-0.35620414611452,-0.351847042820995,0.867051399073069,0.412146386347607,0.959729357224936,0.646769217801592,NA,NA,NA,NA,-0.0915421471182871,NA,-0.080863368901929,NA,NA,NA,NA,NA,NA,NA,NA,NA,NA,NA,NA,NA,NA
"55","grrp_leading",-0.0882297325017959,0.0555440021533478,-0.510497432425828,0.418431369187299,NA,NA,NA,NA,NA,NA,NA,NA,NA,NA,-0.12245851573999,NA,NA,NA,NA,-0.788654151409315,NA,NA,0.990044771874363,NA,-0.489805994880445,NA,NA,NA,NA,-0.459468237466982,-0.268694489128864,0.273749349481715,0.526523108426149,1.26081060847814,0.369150516582219,NA,NA,NA,NA,-0.595970125350153,NA,-0.205686875586722,NA,NA,NA,NA,NA,NA,NA,NA,NA,NA,NA,NA,NA,NA
"56","hcv",0.198768787956083,-0.331198152784416,-0.422034543797328,0.534778861217099,NA,NA,NA,NA,NA,NA,NA,NA,NA,NA,-0.274837893005097,NA,NA,NA,NA,NA,NA,NA,NA,NA,NA,NA,NA,NA,0.674247890753671,0.220675543716385,0.190523142076257,NA,0.74829094204737,NA,NA,-0.416199570277204,-0.429142997781307,NA,0.357339359714585,NA,-0.0516972163804783,NA,NA,NA,NA,NA,NA,NA,NA,NA,NA,NA,NA,NA,-0.277499918891801,NA
"57","home",0.126670992796347,-0.175117990835891,-0.278688925056402,0.471642313114192,NA,NA,NA,NA,NA,NA,NA,NA,NA,NA,-0.0434136566178401,NA,NA,NA,NA,NA,NA,NA,NA,NA,NA,NA,NA,NA,0.411894466230116,0.364002887560154,0.0669443642687502,NA,NA,NA,NA,-0.238798208988279,-0.270782522649099,NA,0.358720671504065,NA,0.0335214480935213,NA,NA,NA,NA,NA,NA,NA,NA,NA,NA,NA,NA,NA,-0.357803487155782,NA
"58","hud_disability",-0.23195678613426,-0.0736712273846739,0.0475451882384892,0.293396337648291,NA,NA,NA,NA,NA,NA,NA,NA,NA,NA,-0.110588977493606,NA,NA,NA,NA,NA,NA,NA,NA,NA,NA,NA,NA,NA,0.141192513272144,0.00770576137413759,-0.328431695092618,0.649004235432328,NA,NA,NA,NA,NA,NA,NA,NA,NA,NA,NA,NA,NA,NA,NA,NA,NA,NA,NA,NA,NA,NA,NA,NA
"59","hud_esg",0.0595275669793296,-0.280764645131833,-0.44541138088581,0.648321333753494,NA,NA,NA,NA,NA,NA,NA,NA,NA,NA,0.0436271681696057,NA,NA,NA,NA,NA,NA,NA,NA,NA,NA,NA,NA,NA,0.347180314506659,0.255762110362721,0.0063940744219757,NA,NA,NA,NA,NA,NA,NA,NA,NA,NA,NA,NA,NA,NA,NA,NA,NA,NA,NA,NA,NA,NA,NA,NA,NA
"60","hud_hopwa",0.200143817780075,-0.189327779549921,-0.393731721577067,0.563793789407614,NA,NA,NA,NA,NA,NA,NA,NA,NA,NA,-0.149044878449276,NA,NA,NA,NA,NA,NA,NA,NA,NA,NA,NA,NA,NA,0.199585840025554,0.370431499887673,0.205866925046551,NA,NA,NA,NA,NA,NA,NA,NA,NA,NA,NA,NA,NA,NA,NA,NA,NA,NA,NA,NA,NA,NA,NA,NA,NA
"61","indian_health",1.17222224932415,2.29092763179217,2.69597916207675,-1,NA,NA,NA,NA,NA,NA,NA,NA,NA,NA,0.231008570074319,NA,NA,NA,NA,NA,NA,NA,NA,NA,NA,NA,NA,NA,NA,NA,-0.77704143028088,-0.92700967935824,-0.933810668738777,-0.984560811490031,-0.668481851783346,1.95634676846062,1.92719553388918,NA,NA,NA,NA,NA,NA,NA,NA,NA,NA,NA,NA,NA,NA,NA,NA,NA,NA,2.59089204266379
"62","indian_water",1.1710188303293,1.62867082145104,1.72497198563799,-1,NA,NA,NA,NA,NA,NA,NA,NA,NA,-0.681624308360134,NA,NA,NA,NA,1.60367195289956,NA,NA,NA,NA,NA,NA,NA,NA,-0.987820914600484,NA,NA,NA,NA,NA,NA,NA,NA,NA,NA,NA,NA,NA,NA,NA,NA,NA,NA,NA,NA,NA,NA,NA,0.185944368177053,NA,NA,NA,NA
"63","infra",-0.562726714366073,0.0716410451842981,-0.073678571882142,-0.731692027616802,NA,NA,NA,NA,-0.477274142320284,-0.445620451337428,NA,NA,NA,NA,NA,-0.267333564606918,NA,NA,NA,NA,NA,NA,NA,-0.234001790054754,NA,NA,NA,-0.118749511844266,NA,NA,NA,NA,NA,NA,NA,NA,NA,NA,NA,NA,NA,NA,NA,NA,NA,0.452841778377835,NA,NA,NA,NA,NA,NA,-0.272362382447908,NA,NA,NA
"64","land_port",1.34941371853442,2.43986000972954,2.07985859721034,-1,NA,NA,NA,NA,-0.402503839326893,NA,-0.0909235802807461,-0.755273578981433,NA,NA,NA,-1,NA,-1,NA,-1,NA,NA,NA,NA,-1,NA,NA,NA,NA,NA,NA,NA,NA,NA,NA,NA,NA,NA,NA,0.0917865180775894,NA,-0.644749354051954,NA,NA,NA,NA,NA,NA,NA,NA,NA,NA,NA,-1,NA,NA
"65","low_no_emission",0.394833397401503,-0.220096171846092,-0.153037048192067,0.463562981059953,0.481041370453766,NA,NA,NA,-0.453533669808128,0.215475428412164,NA,NA,NA,-0.031877095741358,NA,0.0406177309580933,NA,NA,NA,-0.180430651857219,NA,-0.447332301651639,NA,NA,-0.0463282892044439,0.645804961543161,NA,NA,NA,NA,NA,NA,NA,NA,NA,NA,NA,NA,NA,0.0353490683321567,NA,-0.118516922354892,0.481615848218635,0.390817726035378,NA,NA,NA,NA,NA,NA,NA,NA,-0.370862926067317,NA,NA,NA
"66","mega",-1,-0.312330779289603,-0.00308144907331653,0.528791270301709,0.633423664926428,NA,NA,NA,0.368950803309779,-0.164333614223651,NA,0.418788548324417,NA,NA,NA,-1,NA,0.362340637998355,NA,0.367344555148234,0.766380764715771,0.0858605258946046,NA,-0.00452162880960638,0.39533941780492,0.569647889324226,NA,0.41711350858296,NA,NA,NA,NA,NA,NA,NA,NA,NA,0.0943317584074379,NA,0.0728138285561419,NA,0.249758138303906,0.619687140163605,-0.253075685570728,0.617459395596518,0.00288340448543201,0.100700280487611,0.383577844670701,0.0661107288552332,0.641114257930157,0.619397353231515,NA,-0.0158696677750491,0.236770569775327,NA,NA
"67","motor_carrier_safety",0.0474508115350685,-0.20354937366334,0.632457771661533,0.503227064646702,0.758171380387352,NA,NA,NA,0.0359434829373091,-0.0391386625663335,NA,NA,NA,NA,NA,-0.392129479808565,NA,0.270398446756095,NA,NA,NA,NA,NA,-0.179254747723593,NA,NA,NA,0.866281444501012,NA,NA,NA,NA,NA,NA,NA,NA,NA,NA,NA,NA,NA,NA,NA,NA,NA,NA,NA,NA,NA,NA,NA,NA,NA,NA,NA,NA
"68","national_lab",-0.151957301374525,-0.814395587742122,0.318856863074192,0.694288484742506,NA,NA,NA,NA,NA,NA,NA,NA,NA,NA,NA,NA,NA,NA,NA,NA,NA,0.452082432067971,NA,NA,NA,NA,NA,NA,NA,NA,NA,NA,NA,NA,NA,NA,NA,NA,NA,NA,NA,NA,NA,NA,NA,NA,NA,NA,NA,NA,NA,NA,NA,NA,NA,NA
"69","natural_gas",-0.787590992027593,0.768948862699662,0.250091705779361,-0.773352829286119,NA,NA,NA,NA,NA,NA,NA,NA,NA,-0.479277583225791,NA,NA,NA,NA,NA,NA,NA,NA,NA,NA,NA,NA,NA,NA,NA,NA,NA,NA,NA,NA,NA,NA,NA,NA,NA,NA,NA,NA,NA,NA,NA,NA,NA,NA,NA,NA,NA,NA,NA,NA,NA,NA
"70","ntia_middle_mile",0.0366802984714214,0.863022766938315,0.758860035474946,-0.55098046338906,NA,NA,NA,NA,NA,NA,NA,NA,1.06762884709192,NA,NA,NA,NA,NA,NA,NA,NA,NA,NA,NA,NA,NA,0.709652375738744,NA,NA,NA,NA,NA,NA,NA,NA,NA,NA,NA,NA,NA,NA,NA,NA,NA,NA,NA,NA,NA,NA,NA,NA,NA,NA,NA,NA,NA
"71","ports",0.0551362075348907,0.104473064167781,-0.026621157873771,0.0602332135722623,NA,NA,NA,NA,NA,NA,NA,NA,NA,0.0679994565202717,NA,-0.201800100394736,0.387032313980952,NA,NA,NA,1.34069845581489,NA,NA,NA,NA,NA,NA,NA,NA,NA,NA,NA,NA,NA,NA,NA,NA,NA,NA,NA,NA,NA,NA,NA,NA,NA,NA,NA,NA,NA,NA,NA,NA,NA,NA,NA
"72","public_hsg",-0.417907170858691,0.029341949513479,0.0200434543369001,0.902814038250934,NA,NA,NA,NA,NA,NA,NA,NA,NA,NA,-0.505357261082864,NA,NA,NA,NA,NA,NA,NA,NA,NA,NA,NA,NA,NA,0.560624590790486,0.578332477366194,-0.703391426103441,NA,NA,NA,1.56229647580186,0.179331007664642,0.164087511781777,NA,0.332853597476597,NA,-0.00293874985350095,NA,NA,NA,NA,NA,NA,NA,NA,NA,NA,NA,NA,NA,-0.072611743469341,NA
"73","public_hsg_cap",-0.420202723622225,0.173818638561636,0.197801498611873,0.687280221796057,NA,NA,NA,NA,NA,NA,NA,NA,NA,NA,-0.460163007722906,NA,NA,NA,NA,NA,NA,NA,NA,NA,NA,NA,NA,NA,0.504613059813083,0.560963502075874,-0.678935753161278,NA,NA,NA,1.59684282826213,0.320152406848377,0.308846574732443,NA,0.320464294806919,NA,0.0641415613111216,NA,NA,NA,NA,NA,NA,NA,NA,NA,NA,NA,NA,NA,0.0593047707575474,NA
"74","raise",-0.213849612119192,0.0863565982327787,0.162411918657711,-0.266088874478094,NA,NA,NA,NA,0.121763481908784,-0.308639667181672,NA,NA,NA,-0.0717818237490475,NA,0.0169233202602888,NA,-0.292718108751848,NA,NA,NA,0.481709840031327,NA,0.174880596569043,NA,-0.0576577741297936,NA,0.337719800590301,NA,NA,NA,NA,NA,NA,NA,NA,NA,NA,NA,NA,NA,NA,-0.190914480189716,0.310554005242783,NA,NA,NA,NA,NA,NA,NA,NA,0.150903211047139,NA,NA,NA
"75","reconnect_community",-0.459997845127344,-0.615694311535178,-0.660584606151664,0.271115379841735,NA,NA,NA,NA,NA,0.0104938909273431,NA,NA,NA,NA,NA,0.0797332964939519,NA,NA,NA,NA,NA,-0.611556160169752,NA,NA,NA,0.730372551219663,NA,-0.601778085488099,NA,NA,NA,NA,NA,NA,NA,NA,NA,NA,NA,NA,NA,NA,0.851543695221739,0.671625618682108,NA,NA,NA,NA,NA,NA,NA,NA,NA,NA,NA,NA
"76","rural_surface",-0.311230768189986,0.770356395596065,0.528673615772099,-1,NA,NA,NA,NA,2.08157157198554,-0.0844667236577417,NA,NA,NA,NA,NA,0.583009431866188,NA,NA,NA,NA,NA,NA,NA,0.959924928096901,NA,-0.726169390202918,NA,0.800039818948793,NA,NA,NA,NA,NA,NA,NA,NA,NA,NA,NA,NA,NA,NA,-1,-0.205428195118388,NA,NA,NA,NA,NA,NA,NA,NA,NA,NA,NA,NA
"77","s8_project",-0.071765033981586,-0.310686591284086,-0.351987365162741,0.804198738614034,NA,NA,NA,NA,NA,NA,NA,NA,NA,NA,-0.276260364189755,NA,NA,NA,NA,NA,NA,NA,NA,NA,NA,NA,NA,NA,0.701909580353084,0.22498587583659,-0.119556821205403,NA,NA,0.892244530475708,NA,-0.248266135458808,-0.238059691964523,NA,0.305121704935865,NA,0.136596415365453,NA,NA,NA,NA,NA,NA,NA,NA,NA,NA,NA,NA,NA,-0.429638525064059,NA
"78","safe_streets",0.123339901896267,-0.200164387951229,-0.369286427188328,0.0786549801263809,0.13854710119576,NA,NA,NA,-0.237226524867917,NA,NA,NA,NA,NA,NA,-0.099476921646008,NA,NA,NA,NA,NA,NA,NA,-0.0330660639880827,NA,NA,NA,NA,NA,NA,NA,NA,NA,NA,NA,NA,NA,NA,NA,NA,NA,NA,NA,0.290883092483682,NA,NA,NA,NA,NA,NA,NA,NA,NA,NA,NA,NA
"79","smart_grid",-0.168131633039296,0.0318569819750336,-0.265499201594968,-0.573766523569359,NA,NA,NA,NA,NA,NA,NA,NA,NA,NA,NA,NA,NA,NA,NA,0.162604367060096,NA,NA,0.0747194960777624,NA,0.186407401531084,NA,NA,NA,NA,NA,NA,NA,NA,NA,NA,NA,NA,NA,NA,-0.726362069605357,NA,0.214893272915258,NA,NA,NA,NA,NA,NA,NA,NA,NA,NA,NA,NA,NA,NA
"80","tribal_broadband",-0.23733544271555,0.759934363663282,0.755496576144578,-0.933774487151508,NA,NA,NA,NA,NA,NA,NA,NA,1.55578514672799,NA,NA,NA,NA,NA,NA,NA,NA,NA,NA,NA,NA,NA,1.55136444566026,NA,NA,NA,NA,NA,NA,NA,NA,NA,NA,NA,NA,NA,NA,NA,NA,NA,NA,NA,NA,NA,NA,NA,NA,NA,NA,NA,NA,NA
"81","ttp",0.107877302091448,1.36861867287104,1.56879277464519,-0.997616511160636,NA,NA,NA,NA,1.68970005476181,0.281889226686284,NA,NA,NA,NA,NA,0.0265045505400001,NA,NA,NA,NA,NA,NA,NA,1.7198966585233,NA,-0.496729851136779,NA,-0.0287693534571176,NA,NA,NA,NA,NA,NA,NA,NA,NA,NA,NA,NA,NA,NA,-0.838564085947983,-0.456614899750645,NA,NA,NA,NA,NA,NA,NA,NA,NA,NA,NA,NA
