"","program","percent_poc","percent_poc_funded","poverty_rate","poverty_rate_funded","pop_density","pop_density_funded","med_hh_income","med_hh_income_funded","access_to_car","access_to_car_funded","age_over_64","age_over_64_funded","age_under_18","age_under_18_funded","airports_primary","airports_primary_funded","annual_vehicle_mi_per_hh","annual_vehicle_mi_per_hh_funded","avg_hh_person_trips","avg_hh_person_trips_funded","bridges","bridges_funded","bridges_poor_condition","bridges_poor_condition_funded","broadband_speed","broadband_speed_funded","capacity_environment","capacity_environment_funded","capacity_housing","capacity_housing_funded","capacity_transport","capacity_transport_funded","cnw_500","cnw_500_funded","commute_time","commute_time_funded","contaminated_sites","contaminated_sites_funded","diesel_pm","diesel_pm_funded","docks","docks_funded","employment_access_index","employment_access_index_funded","freq_fatal_accidents","freq_fatal_accidents_funded","ghg_per_acre","ghg_per_acre_funded","green_commute","green_commute_funded","hh_int_access","hh_int_access_funded","highway_miles","highway_miles_funded","homelessness","homelessness_funded","housing_cost_burden","housing_cost_burden_funded","housing_units","housing_units_funded","hud_202","hud_202_funded","hud_hcv","hud_hcv_funded","hud_pbs8","hud_pbs8_funded","hud_ph","hud_ph_funded","incomplete_kitchen","incomplete_kitchen_funded","incomplete_plumbing","incomplete_plumbing_funded","overcrowded_housing","overcrowded_housing_funded","ozone","ozone_funded","permits","permits_funded","pm25","pm25_funded","pub_transit_commute","pub_transit_commute_funded","pub_transit_stops","pub_transit_stops_funded","rail_transit_km","rail_transit_km_funded","rr_freight_route_miles","rr_freight_route_miles_funded","rr_incident_killed","rr_incident_killed_funded","rr_incident_number","rr_incident_number_funded","rr_pax_route_miles","rr_pax_route_miles_funded","stations_elevated","stations_elevated_funded","stations_subway","stations_subway_funded","superfund_site","superfund_site_funded","transport_costs","transport_costs_funded","vacancy_rate","vacancy_rate_funded","water_system_violations","water_system_violations_funded"
"1","ag_reconnect",-0.719565217391304,-0.222607685704186,-0.721739130434783,-0.266101095793567,-0.745962732919255,-0.469080442357219,-0.721808014911463,-0.21484478591291,NA,NA,NA,NA,NA,NA,NA,NA,NA,NA,NA,NA,NA,NA,NA,NA,-0.716459627329193,-0.173706004140787,NA,NA,NA,NA,NA,NA,NA,NA,NA,NA,NA,NA,NA,NA,NA,NA,NA,NA,NA,NA,NA,NA,NA,NA,-0.718944099378882,-0.209469524819472,NA,NA,NA,NA,NA,NA,NA,NA,NA,NA,NA,NA,NA,NA,NA,NA,NA,NA,NA,NA,NA,NA,NA,NA,NA,NA,NA,NA,NA,NA,NA,NA,NA,NA,NA,NA,NA,NA,NA,NA,NA,NA,NA,NA,NA,NA,NA,NA,NA,NA,NA,NA,NA,NA
"2","airport_infrastructure",-0.748136645962733,-0.372556390977444,-0.749378881987578,-0.240822164105917,-0.745652173913044,-0.330827067669173,-0.750232991612302,0.125758244633018,NA,NA,NA,NA,NA,NA,-0.93586887332909,-0.466916814633656,NA,NA,NA,NA,NA,NA,NA,NA,NA,NA,NA,NA,NA,NA,-0.746803069053708,-0.210459011980078,NA,NA,NA,NA,NA,NA,NA,NA,NA,NA,NA,NA,NA,NA,NA,NA,NA,NA,NA,NA,NA,NA,NA,NA,NA,NA,NA,NA,NA,NA,NA,NA,NA,NA,NA,NA,NA,NA,NA,NA,NA,NA,NA,NA,NA,NA,NA,NA,NA,NA,NA,NA,NA,NA,NA,NA,NA,NA,NA,NA,NA,NA,NA,NA,NA,NA,NA,NA,NA,NA,NA,NA,NA,NA
"3","airport_terminal",-0.740372670807453,-0.246565582754841,-0.746894409937888,-0.246547314578005,-0.730745341614907,-0.440171720862258,-0.74914569742156,-0.0702099665588511,NA,NA,NA,NA,NA,NA,-0.933959261616804,-0.428702212902984,NA,NA,NA,NA,NA,NA,NA,NA,NA,NA,NA,NA,NA,NA,-0.742647058823529,-0.255115089514066,NA,NA,NA,NA,NA,NA,NA,NA,NA,NA,NA,NA,NA,NA,NA,NA,NA,NA,NA,NA,NA,NA,NA,NA,NA,NA,NA,NA,NA,NA,NA,NA,NA,NA,NA,NA,NA,NA,NA,NA,NA,NA,NA,NA,NA,NA,NA,NA,NA,NA,NA,NA,NA,NA,NA,NA,NA,NA,NA,NA,NA,NA,NA,NA,NA,NA,NA,NA,NA,NA,NA,NA,NA,NA
"4","asap",-0.746273291925466,-0.186783988957902,-0.749068322981366,-0.536128364389234,-0.744099378881988,-0.491925465838509,-0.749922336129232,-0.351920886403645,NA,NA,NA,NA,NA,NA,NA,NA,NA,NA,-0.744582536647546,-0.335988952623752,NA,NA,NA,NA,NA,NA,NA,NA,NA,NA,-0.747442455242967,-0.354184427394146,NA,NA,NA,NA,NA,NA,NA,NA,NA,NA,NA,NA,NA,NA,NA,NA,-0.744099378881988,-0.404071773636991,NA,NA,NA,NA,NA,NA,NA,NA,NA,NA,NA,NA,NA,NA,NA,NA,NA,NA,NA,NA,NA,NA,NA,NA,NA,NA,NA,NA,NA,NA,-0.744099378881988,-0.493478260869565,-0.737261146496815,-0.289455060155697,NA,NA,NA,NA,NA,NA,NA,NA,NA,NA,-0.988819875776398,-0.513802622498275,-0.991459627329192,-0.523585231193927,NA,NA,-0.735752944921999,NA,NA,NA,NA,NA
"5","bridge",-0.745652173913044,-0.322488125685056,-0.747826086956522,-0.223027036901717,-0.742546583850932,-0.503032517354768,-0.74914569742156,-0.101470131388995,NA,NA,NA,NA,NA,NA,NA,NA,NA,NA,-0.74282982791587,-0.484253739736812,-0.749363462762572,-0.0805968472685062,-0.748408656906429,-0.0755607144194408,NA,NA,NA,NA,NA,NA,-0.747122762148338,-0.229859335038364,NA,NA,NA,NA,NA,NA,NA,NA,NA,NA,NA,NA,NA,NA,NA,NA,NA,NA,NA,NA,NA,NA,NA,NA,NA,NA,NA,NA,NA,NA,NA,NA,NA,NA,NA,NA,NA,NA,NA,NA,NA,NA,NA,NA,NA,NA,NA,NA,NA,NA,NA,NA,NA,NA,NA,NA,NA,NA,NA,NA,NA,NA,NA,NA,NA,NA,NA,NA,NA,NA,NA,NA,NA,NA
"6","buses",-0.742546583850932,-0.326000690131125,-0.747826086956522,-0.11790027605245,-0.741304347826087,-0.324025189786059,-0.749456352904629,-0.289103758931345,NA,NA,NA,NA,NA,NA,NA,NA,-0.744348933460681,-0.0867160140082781,-0.734703632887189,-0.352652963671128,NA,NA,NA,NA,NA,NA,NA,NA,NA,NA,-0.743925831202046,-0.360773657289002,NA,NA,NA,NA,NA,NA,NA,NA,NA,NA,NA,NA,NA,NA,NA,NA,-0.735093167701863,-0.235714285714286,NA,NA,NA,NA,NA,NA,NA,NA,NA,NA,NA,NA,NA,NA,NA,NA,NA,NA,NA,NA,NA,NA,NA,NA,NA,NA,NA,NA,NA,NA,-0.733850931677019,-0.355106970324362,-0.729299363057325,-0.263004246284501,NA,NA,NA,NA,NA,NA,NA,NA,NA,NA,NA,NA,NA,NA,NA,NA,-0.735752944921999,-0.111648360394778,NA,NA,NA,NA
"7","capital_investment",-0.739751552795031,-0.323150762281197,-0.749689440993789,-0.299887069452287,-0.736335403726708,-0.449138904573687,-0.750232991612302,-0.396982405603095,-0.742857142857143,-0.440259740259741,NA,NA,NA,NA,NA,NA,-0.750238777459407,0.261095916181876,-0.739165073295093,-0.357443942290979,NA,NA,NA,NA,NA,NA,NA,NA,NA,NA,-0.745843989769821,-0.194722157637759,NA,NA,-0.742857142857143,-0.39257481648786,NA,NA,NA,NA,NA,NA,-0.75,NA,NA,NA,NA,NA,-0.740062111801242,-0.393915866741954,NA,NA,-0.75,-0.0938079777365494,NA,NA,NA,NA,NA,NA,NA,NA,NA,NA,NA,NA,NA,NA,NA,NA,NA,NA,NA,NA,NA,NA,NA,NA,NA,NA,-0.736645962732919,-0.467476002258611,-0.71656050955414,-0.279241459177765,NA,NA,NA,NA,NA,NA,NA,NA,NA,NA,NA,NA,NA,NA,NA,NA,-0.735752944921999,NA,NA,NA,NA,NA
"8","cdbg_entitlement",-0.640372670807453,-0.237506246876562,-0.709627329192547,-0.0744270721781967,-0.569875776397516,-0.359216820161348,-0.732680956818887,-0.0628633559668041,NA,NA,NA,NA,NA,NA,NA,NA,NA,NA,NA,NA,NA,NA,NA,NA,NA,NA,NA,NA,-0.667199488491049,-0.289727247720678,NA,NA,NA,NA,NA,NA,NA,NA,NA,NA,NA,NA,NA,NA,NA,NA,NA,NA,NA,NA,NA,NA,NA,NA,-0.726582278481013,-0.119919301199309,-0.637888198757764,-0.226336831584208,-0.619254658385093,-0.320561147997429,NA,NA,NA,NA,NA,NA,-0.708695652173913,-0.0529592346683799,-0.737577639751553,-0.00860284143642498,-0.741614906832298,0.0971371457128578,-0.662422360248447,-0.247401299350325,NA,NA,-0.741967213114754,0.0735764085170531,NA,NA,NA,NA,NA,NA,NA,NA,NA,NA,NA,NA,NA,NA,NA,NA,NA,NA,NA,NA,NA,NA,NA,NA,-0.742236024844721,0.0157456985792816,NA,NA
"9","clean_school_bus",-0.714285714285714,-0.282014526975001,-0.71055900621118,-0.160529490272574,-0.714596273291925,-0.353565012063036,-0.718080149114632,-0.109699896533753,NA,NA,NA,NA,-0.719875776397516,-0.223421538935374,NA,NA,-0.730977395733843,-0.088270040861862,NA,NA,NA,NA,NA,NA,NA,NA,-0.710997442455243,-0.31849666744168,NA,NA,-0.714833759590793,-0.296522831195001,NA,NA,NA,NA,NA,NA,NA,NA,NA,NA,NA,NA,NA,NA,NA,NA,NA,NA,NA,NA,NA,NA,NA,NA,NA,NA,NA,NA,NA,NA,NA,NA,NA,NA,NA,NA,NA,NA,NA,NA,NA,NA,NA,NA,NA,NA,NA,NA,NA,NA,NA,NA,NA,NA,NA,NA,NA,NA,NA,NA,NA,NA,NA,NA,NA,NA,NA,NA,-0.666666666666667,-0.0808685974093635,NA,NA,NA,NA
"10","coc",-0.654347826086957,-0.232059343682452,-0.703726708074534,-0.13707314155852,-0.565217391304348,-0.326196741479919,-0.725535880708295,-0.198599443725849,NA,NA,NA,NA,NA,NA,NA,NA,NA,NA,NA,NA,NA,NA,NA,NA,NA,NA,NA,NA,-0.650895140664962,-0.269539316533981,NA,NA,NA,NA,NA,NA,NA,NA,NA,NA,NA,NA,NA,NA,NA,NA,NA,NA,NA,NA,NA,NA,NA,NA,-0.712341772151899,-0.100998119547995,-0.626708074534161,-0.214032183652721,-0.620807453416149,-0.277802079506523,NA,NA,NA,NA,NA,NA,NA,NA,NA,NA,NA,NA,-0.652484472049689,-0.20437174810119,NA,NA,NA,NA,NA,NA,NA,NA,NA,NA,NA,NA,NA,NA,NA,NA,NA,NA,NA,NA,NA,NA,NA,NA,NA,NA,NA,NA,-0.72888198757764,-0.285873196237409,NA,NA
"11","doi_aging_infra",-0.746894409937888,-0.523084886128364,-0.749689440993789,-0.330227743271221,-0.748136645962733,-0.552380952380953,-0.749922336129232,-0.0490059024541782,NA,NA,NA,NA,NA,NA,NA,NA,NA,NA,NA,NA,NA,NA,NA,NA,NA,NA,NA,NA,NA,NA,NA,NA,NA,NA,NA,NA,NA,NA,NA,NA,NA,NA,NA,NA,NA,NA,NA,NA,NA,NA,NA,NA,NA,NA,NA,NA,NA,NA,NA,NA,NA,NA,NA,NA,NA,NA,NA,NA,NA,NA,NA,NA,NA,NA,NA,NA,NA,NA,NA,NA,NA,NA,NA,NA,NA,NA,NA,NA,NA,NA,NA,NA,NA,NA,NA,NA,NA,NA,NA,NA,NA,NA,NA,NA,-0.746748916305435,-0.255279537623653
"12","doi_rural_water",-0.749068322981366,-0.205745341614907,-0.749068322981366,0.117701863354037,-0.749689440993789,-0.742546583850932,-0.749456352904629,0.0427556492024259,NA,NA,NA,NA,NA,NA,NA,NA,NA,NA,NA,NA,NA,NA,NA,NA,NA,NA,-0.749360613810742,-0.151854219948849,NA,NA,NA,NA,NA,NA,NA,NA,-0.744990176817289,-0.246707098317246,NA,NA,NA,NA,NA,NA,NA,NA,NA,NA,NA,NA,NA,NA,NA,NA,NA,NA,NA,NA,NA,NA,NA,NA,NA,NA,NA,NA,NA,NA,NA,NA,NA,NA,NA,NA,NA,NA,NA,NA,NA,NA,NA,NA,NA,NA,NA,NA,NA,NA,NA,NA,NA,NA,NA,NA,NA,NA,NA,NA,-0.748442367601246,-0.609576053094948,NA,NA,NA,NA,-0.746415471823941,-0.143569595662322
"13","doi_water_recycle",-0.745341614906832,-0.293732354601919,-0.749378881987578,-0.193958215697346,-0.74472049689441,-0.468012422360248,-0.750232991612302,0.041190092914231,NA,NA,NA,NA,NA,NA,NA,NA,NA,NA,NA,NA,NA,NA,NA,NA,NA,NA,-0.749360613810742,-0.168652638921181,NA,NA,NA,NA,NA,NA,NA,NA,-0.750098231827112,0.214520450080372,NA,NA,NA,NA,NA,NA,NA,NA,NA,NA,NA,NA,NA,NA,NA,NA,NA,NA,NA,NA,NA,NA,NA,NA,NA,NA,NA,NA,NA,NA,NA,NA,NA,NA,NA,NA,NA,NA,NA,NA,NA,NA,NA,NA,NA,NA,NA,NA,NA,NA,NA,NA,NA,NA,NA,NA,NA,NA,NA,NA,-0.75,-0.00644293401302751,NA,NA,NA,NA,-0.749083027675892,-0.024712783048895
"14","doi_water_storage",-0.746894409937888,-0.336033978808915,-0.748447204968944,-0.211088783339422,-0.748757763975155,-0.519857508220679,-0.747903075489282,-0.074794876011914,NA,NA,NA,NA,NA,NA,NA,NA,NA,NA,NA,NA,NA,NA,NA,NA,NA,NA,-0.749360613810742,-0.374040920716112,NA,NA,NA,NA,NA,NA,NA,NA,-0.746561886051081,-0.171801687276089,NA,NA,NA,NA,NA,NA,NA,NA,NA,NA,NA,NA,NA,NA,NA,NA,NA,NA,NA,NA,NA,NA,NA,NA,NA,NA,NA,NA,NA,NA,NA,NA,NA,NA,NA,NA,NA,NA,NA,NA,NA,NA,NA,NA,NA,NA,NA,NA,NA,NA,NA,NA,NA,NA,NA,NA,NA,NA,NA,NA,-0.75,NA,NA,NA,NA,NA,-0.746748916305435,-0.257782005766628
"15","elderly",-0.635093167701863,-0.280099127925215,-0.67639751552795,-0.178427912667043,-0.565527950310559,-0.395148691887822,-0.702236815954956,-0.151293927155996,NA,NA,-0.708695652173913,-0.0860185708011796,NA,NA,NA,NA,NA,NA,NA,NA,NA,NA,NA,NA,NA,NA,NA,NA,-0.638116550968213,-0.287888475548322,NA,NA,NA,NA,NA,NA,NA,NA,NA,NA,NA,NA,NA,NA,NA,NA,NA,NA,NA,NA,NA,NA,NA,NA,-0.70855020048746,-0.111868686868687,-0.620807453416149,-0.263386191103583,-0.617080745341615,-0.333312943095551,0.00698757763975116,-0.343378662400401,NA,NA,NA,NA,NA,NA,-0.717701863354037,-0.0793282200890895,-0.718633540372671,-0.0902346445824709,-0.627639751552795,-0.256290388355606,NA,NA,-0.713623867223298,-0.0938859910581221,NA,NA,NA,NA,NA,NA,NA,NA,NA,NA,NA,NA,NA,NA,NA,NA,NA,NA,NA,NA,NA,NA,NA,NA,-0.714596273291926,-0.0383548215069953,NA,NA
"16","ferry_rural_comms",-0.749378881987578,0.0159075224292616,-0.75,NA,-0.75,-0.356383712905452,-0.750232991612302,NA,NA,NA,NA,NA,NA,NA,NA,NA,NA,NA,-0.747609942638623,-0.23762481410665,NA,NA,NA,NA,NA,NA,NA,NA,NA,NA,-0.749360613810742,-0.503942881500427,-0.846428571428572,-0.382815734989648,NA,NA,NA,NA,NA,NA,-0.934914067472947,-0.477721196690007,-0.748408656906429,-0.226465803805079,NA,NA,NA,NA,-0.747826086956522,-0.333074534161491,NA,NA,NA,NA,NA,NA,NA,NA,NA,NA,NA,NA,NA,NA,NA,NA,NA,NA,NA,NA,NA,NA,NA,NA,NA,NA,NA,NA,NA,NA,-0.748757763975155,-0.341666666666667,-0.75,NA,NA,NA,NA,NA,NA,NA,NA,NA,NA,NA,NA,NA,NA,NA,NA,NA,-0.735752944921999,0.381407195160777,NA,NA,NA,NA
"17","fra_rail_cross",-0.739130434782609,-0.351757110166722,-0.748447204968944,0.00196142530238641,-0.732919254658385,-0.411915658711997,-0.749456352904629,-0.0227166821994408,NA,NA,NA,NA,NA,NA,NA,NA,NA,NA,-0.736934353091141,-0.357271644694911,NA,NA,NA,NA,NA,NA,NA,NA,NA,NA,-0.741048593350384,-0.279327634944138,NA,NA,NA,NA,NA,NA,NA,NA,NA,NA,NA,NA,-0.749651081646894,-0.0232443897601648,NA,NA,NA,NA,NA,NA,NA,NA,NA,NA,NA,NA,NA,NA,NA,NA,NA,NA,NA,NA,NA,NA,NA,NA,NA,NA,NA,NA,NA,NA,NA,NA,NA,NA,NA,NA,NA,NA,-0.967857142857143,-0.696551160509971,-0.749363462762572,0.248266273577005,-0.823201782304265,-0.22195048410332,-0.745225970719287,-0.0167091024824952,-0.861871419478039,-0.375992495560991,NA,NA,NA,NA,NA,NA,NA,NA,NA,NA,NA,NA
"18","fs_wildfire",-0.743167701863354,-0.342922321907829,-0.744409937888199,-0.259903381642513,-0.748136645962733,-0.368842496741048,-0.743553898726313,-0.132810971891432,NA,NA,NA,NA,NA,NA,NA,NA,NA,NA,NA,NA,NA,NA,NA,NA,NA,NA,-0.74616368286445,-0.311223201035647,NA,NA,NA,NA,NA,NA,NA,NA,NA,NA,-0.746581727781231,-0.499510853302028,NA,NA,NA,NA,NA,NA,-0.742274609748327,-0.33200791319088,NA,NA,NA,NA,NA,NA,NA,NA,NA,NA,NA,NA,NA,NA,NA,NA,NA,NA,NA,NA,NA,NA,NA,NA,NA,NA,-0.7436433859028,-0.390780277112216,NA,NA,-0.748471194077889,-0.371951825229371,NA,NA,NA,NA,NA,NA,NA,NA,NA,NA,NA,NA,NA,NA,NA,NA,NA,NA,NA,NA,NA,NA,NA,NA,NA,NA
"19","fta_5307_5340",-0.564596273291926,-0.21003914401788,-0.672049689440994,-0.282335798871368,-0.0906832298136648,-0.345874134077523,-0.703479341410376,-0.325033026445242,-0.623291925465838,-0.232366052134398,NA,NA,NA,NA,NA,NA,-0.737185609678447,-0.484616180661969,-0.557520713830465,-0.315279768172355,NA,NA,NA,NA,NA,NA,NA,NA,NA,NA,-0.51502557544757,-0.29958738616892,NA,NA,-0.603726708074534,-0.232900732252448,NA,NA,NA,NA,NA,NA,-0.748249522597072,-0.543924233086522,NA,NA,NA,NA,-0.636335403726708,-0.110309571144561,NA,NA,-0.738201530612245,-0.413415552602751,NA,NA,NA,NA,NA,NA,NA,NA,NA,NA,NA,NA,NA,NA,NA,NA,NA,NA,NA,NA,NA,NA,NA,NA,NA,NA,-0.53167701863354,-0.22447519849845,0.0904517941211381,-0.0636911017968618,NA,NA,NA,NA,NA,NA,NA,NA,NA,NA,NA,NA,NA,NA,NA,NA,-0.735752944921999,-0.387168077178445,NA,NA,NA,NA
"20","fta_5310",-0.639130434782609,-0.207812009549808,-0.713975155279503,-0.173758952945317,-0.553416149068323,-0.365548400597339,-0.726157191674433,-0.153465711579457,NA,NA,-0.732608695652174,-0.157104096715589,NA,NA,NA,NA,-0.741801973893664,-0.42738800618018,-0.634161886551944,-0.347968927058231,NA,NA,NA,NA,NA,NA,NA,NA,NA,NA,-0.615409207161125,-0.32045879141323,NA,NA,NA,NA,NA,NA,NA,NA,NA,NA,NA,NA,NA,NA,NA,NA,-0.68416149068323,-0.185003757145711,NA,NA,NA,NA,NA,NA,NA,NA,NA,NA,NA,NA,NA,NA,NA,NA,NA,NA,NA,NA,NA,NA,NA,NA,NA,NA,NA,NA,NA,NA,-0.61832298136646,-0.289748223678578,-0.0246864738695256,-0.151944479667581,NA,NA,NA,NA,NA,NA,NA,NA,NA,NA,NA,NA,NA,NA,NA,NA,-0.735752944921999,-0.392845110827357,NA,NA,NA,NA
"21","fta_5337_combined",-0.690683229813665,-0.25875211744777,-0.733229813664596,-0.379954827780915,-0.63416149068323,-0.409175607001694,-0.737340789064927,-0.46860241343,-0.705900621118012,-0.335742518351214,NA,NA,NA,NA,NA,NA,-0.745144858325374,-0.401685706843301,-0.679891650732951,-0.331907990034185,NA,NA,NA,NA,NA,NA,NA,NA,NA,NA,-0.680626598465473,-0.29409024479357,NA,NA,-0.668012422360248,-0.248898927159797,NA,NA,NA,NA,NA,NA,-0.749681731381286,-0.542073458050543,NA,NA,NA,NA,-0.701863354037267,-0.173531902879729,NA,NA,-0.746811224489796,-0.186694109461967,NA,NA,NA,NA,NA,NA,NA,NA,NA,NA,NA,NA,NA,NA,NA,NA,NA,NA,NA,NA,NA,NA,NA,NA,NA,NA,-0.661490683229814,-0.301524562394127,-0.582802547770701,-0.168115642319463,-0.0108695652173914,-0.249181253529079,NA,NA,NA,NA,NA,NA,NA,NA,NA,NA,NA,NA,NA,NA,-0.735752944921999,-0.488001174247592,NA,NA,NA,NA
"22","fta_5339",-0.639130434782609,-0.21375043991896,-0.713975155279503,-0.28491862688214,-0.553416149068323,-0.382699532972521,-0.726157191674433,-0.334644461222061,NA,NA,NA,NA,NA,NA,NA,NA,-0.741801973893664,-0.438907586419401,-0.634161886551944,-0.295883001140981,NA,NA,NA,NA,NA,NA,NA,NA,NA,NA,-0.615409207161125,-0.306831200087732,NA,NA,NA,NA,NA,NA,NA,NA,NA,NA,NA,NA,NA,NA,NA,NA,-0.68416149068323,-0.14438235378045,NA,NA,NA,NA,NA,NA,NA,NA,NA,NA,NA,NA,NA,NA,NA,NA,NA,NA,NA,NA,NA,NA,NA,NA,NA,NA,NA,NA,NA,NA,-0.61832298136646,-0.255924876109309,-0.00630612810064435,-0.0782900576467261,NA,NA,NA,NA,NA,NA,NA,NA,NA,NA,NA,NA,NA,NA,NA,NA,-0.735752944921999,-0.39131371725921,NA,NA,NA,NA
"23","fta_rail_vehicle",-0.746894409937888,-0.24296066252588,-0.749689440993789,-0.016252587991718,-0.744099378881988,-0.50952380952381,-0.750232991612302,0.131584786757201,NA,NA,NA,NA,NA,NA,NA,NA,NA,NA,-0.743785850860421,-0.459619411818264,NA,NA,NA,NA,NA,NA,NA,NA,NA,NA,-0.74616368286445,-0.303853062964316,NA,NA,NA,NA,NA,NA,NA,NA,NA,NA,NA,NA,NA,NA,NA,NA,NA,NA,NA,NA,NA,NA,NA,NA,NA,NA,NA,NA,NA,NA,NA,NA,NA,NA,NA,NA,NA,NA,NA,NA,NA,NA,NA,NA,NA,NA,NA,NA,NA,NA,-0.74203821656051,-0.199916590840158,-0.970341614906832,-0.598861283643892,-0.749363462762572,0.139204631566184,NA,NA,NA,NA,-0.864099299809039,-0.338774211148495,NA,NA,NA,NA,NA,NA,NA,NA,NA,NA,NA,NA
"24","fy_2022_ttp",-0.698447204968944,-0.0960372930146917,-0.712111801242236,-0.0951584564115199,-0.727639751552795,-0.488799128619406,-0.718080149114632,-0.0731052123320498,NA,NA,NA,NA,NA,NA,NA,NA,-0.691499522445081,-0.12945427137482,-0.669375398342894,-0.366695340702095,NA,NA,NA,NA,NA,NA,NA,NA,NA,NA,-0.724104859335038,-0.36776452434473,NA,NA,NA,NA,NA,NA,NA,NA,NA,NA,NA,NA,-0.70516399162596,-0.149541744183844,NA,NA,-0.673291925465838,-0.228717955367678,NA,NA,-0.716517857142857,-0.100494692918921,NA,NA,NA,NA,NA,NA,NA,NA,NA,NA,NA,NA,NA,NA,NA,NA,NA,NA,NA,NA,NA,NA,NA,NA,NA,NA,-0.691304347826087,-0.33316335792736,-0.692675159235669,-0.516796204938633,NA,NA,NA,NA,NA,NA,NA,NA,NA,NA,NA,NA,NA,NA,NA,NA,NA,NA,NA,NA,NA,NA
"25","hcv",-0.343788819875776,-0.188624705892959,-0.554968944099379,-0.224723471770232,-0.136024844720497,-0.263044830477152,-0.593662628145387,-0.256093739502978,NA,NA,NA,NA,NA,NA,NA,NA,NA,NA,NA,NA,NA,NA,NA,NA,NA,NA,NA,NA,-0.529092071611253,-0.276507615098794,NA,NA,NA,NA,NA,NA,NA,NA,NA,NA,NA,NA,NA,NA,NA,NA,NA,NA,NA,NA,NA,NA,NA,NA,-0.668670886075949,-0.136650989325935,-0.190372670807454,-0.183499806182333,-0.276086956521739,-0.228760288112216,NA,NA,-0.0189440993788822,-0.197235619179835,NA,NA,NA,NA,-0.630124223602484,-0.301279647341993,-0.640683229813665,-0.275462683337991,-0.213664596273292,-0.184602989299462,NA,NA,-0.631311475409836,-0.230616003235861,NA,NA,NA,NA,NA,NA,NA,NA,NA,NA,NA,NA,NA,NA,NA,NA,NA,NA,NA,NA,NA,NA,NA,NA,-0.659006211180124,-0.294697509217607,NA,NA
"26","home",-0.672360248447205,-0.251258659818442,-0.724534161490683,-0.0403696846631627,-0.62360248447205,-0.386332417582417,-0.741068654861758,0.00914940139078113,NA,NA,NA,NA,NA,NA,NA,NA,NA,NA,NA,NA,NA,NA,NA,NA,NA,NA,NA,NA,-0.697570332480818,-0.284963358253,NA,NA,NA,NA,NA,NA,NA,NA,NA,NA,NA,NA,NA,NA,NA,NA,NA,NA,NA,NA,NA,NA,NA,NA,-0.734177215189873,-0.154314751703992,-0.673913043478261,-0.248747312470139,-0.66583850931677,-0.314251373626374,NA,NA,NA,NA,NA,NA,NA,NA,-0.743788819875776,0.0749955207835645,-0.746583850931677,0.0993609651218348,-0.692857142857143,-0.237284997611084,NA,NA,-0.744754098360656,-0.0321705548549812,NA,NA,NA,NA,NA,NA,NA,NA,NA,NA,NA,NA,NA,NA,NA,NA,NA,NA,NA,NA,NA,NA,NA,NA,-0.746583850931677,0.037234233158146,NA,NA
"27","indian_water",-0.745341614906832,-0.332815734989648,-0.746583850931677,-0.131366459627329,-0.749689440993789,-0.384627329192547,-0.747281764523144,-0.091721031376204,NA,NA,NA,NA,NA,NA,NA,NA,NA,NA,NA,NA,NA,NA,NA,NA,NA,NA,-0.747442455242967,-0.156649616368287,NA,NA,NA,NA,NA,NA,NA,NA,-0.744597249508841,-0.175139161755075,NA,NA,NA,NA,NA,NA,NA,NA,NA,NA,NA,NA,NA,NA,-0.74968112244898,-0.074139030612245,NA,NA,NA,NA,NA,NA,NA,NA,NA,NA,NA,NA,NA,NA,NA,NA,NA,NA,NA,NA,NA,NA,NA,NA,NA,NA,NA,NA,NA,NA,NA,NA,NA,NA,NA,NA,NA,NA,NA,NA,NA,NA,NA,NA,-0.748442367601246,0.0087616822429907,NA,NA,NA,NA,NA,NA
"28","infra",-0.745031055900621,-0.514178624973227,-0.747826086956522,-0.0960591133004927,-0.744099378881988,-0.495202398800599,-0.747903075489282,-0.0827896862379623,NA,NA,NA,NA,NA,NA,NA,NA,-0.749442852594715,0.103810558903929,-0.744901210962396,-0.46140744159469,NA,NA,NA,NA,NA,NA,NA,NA,NA,NA,-0.747122762148338,-0.213301437516536,NA,NA,NA,NA,NA,NA,NA,NA,NA,NA,NA,NA,-0.74930216329379,-0.000294775850037003,NA,NA,NA,NA,NA,NA,-0.749362244897959,0.120084887403237,NA,NA,NA,NA,NA,NA,NA,NA,NA,NA,NA,NA,NA,NA,NA,NA,NA,NA,NA,NA,NA,NA,NA,NA,NA,NA,NA,NA,NA,NA,NA,NA,-0.749681731381286,0.197139972343555,NA,NA,NA,NA,NA,NA,NA,NA,NA,NA,NA,NA,-0.735752944921999,-0.0460977725082063,NA,NA,NA,NA
"29","low_no_emission",-0.728260869565217,-0.376135671659969,-0.741925465838509,-0.194042544554054,-0.710869565217391,-0.438058701741567,-0.746349798073936,-0.211617296809994,-0.730434782608696,-0.255456095481671,NA,NA,NA,NA,NA,NA,-0.748010187838268,0.0569601288461902,-0.717495219885277,-0.337732288581462,NA,NA,NA,NA,NA,NA,-0.736572890025575,-0.188547882921284,NA,NA,-0.733056265984655,-0.282289002557544,NA,NA,NA,NA,NA,NA,-0.716128029832194,-0.42314472919891,NA,NA,-0.749045194143857,-0.0470267886488348,NA,NA,-0.710098757566104,-0.392116260330192,-0.725155279503106,-0.3004800470913,NA,NA,NA,NA,NA,NA,NA,NA,NA,NA,NA,NA,NA,NA,NA,NA,NA,NA,NA,NA,NA,NA,NA,NA,-0.73109108464757,-0.372472237473468,NA,NA,-0.736562600579337,-0.348348973748924,-0.712111801242236,-0.336413550927617,-0.691082802547771,-0.339307272802964,NA,NA,NA,NA,NA,NA,NA,NA,NA,NA,NA,NA,NA,NA,NA,NA,-0.735752944921999,-0.140981703091934,NA,NA,NA,NA
"30","natural_gas",-0.745341614906832,-0.205434782608695,-0.746273291925466,-0.227950310559006,-0.742857142857143,-0.368167701863354,-0.746971109040074,-0.100240420330375,NA,NA,NA,NA,NA,NA,NA,NA,NA,NA,NA,NA,NA,NA,NA,NA,NA,NA,-0.747122762148338,-0.245843989769821,NA,NA,NA,NA,NA,NA,NA,NA,NA,NA,NA,NA,NA,NA,NA,NA,NA,NA,NA,NA,NA,NA,NA,NA,NA,NA,NA,NA,NA,NA,NA,NA,NA,NA,NA,NA,NA,NA,NA,NA,NA,NA,NA,NA,NA,NA,NA,NA,NA,NA,NA,NA,NA,NA,NA,NA,NA,NA,NA,NA,NA,NA,NA,NA,NA,NA,NA,NA,NA,NA,NA,NA,NA,NA,NA,NA,NA,NA
"31","ntia_middle_mile",-0.699689440993789,-0.375757036966795,-0.714596273291925,-0.275104705008456,-0.707453416149068,-0.482210026393564,-0.720254737496117,-0.207539205433388,NA,NA,NA,NA,NA,NA,NA,NA,NA,NA,NA,NA,NA,NA,NA,NA,-0.712732919254658,-0.135768021114852,NA,NA,NA,NA,NA,NA,NA,NA,NA,NA,NA,NA,NA,NA,NA,NA,NA,NA,NA,NA,NA,NA,NA,NA,-0.72111801242236,-0.0990675327548877,NA,NA,NA,NA,NA,NA,NA,NA,NA,NA,NA,NA,NA,NA,NA,NA,NA,NA,NA,NA,NA,NA,NA,NA,NA,NA,NA,NA,NA,NA,NA,NA,NA,NA,NA,NA,NA,NA,NA,NA,NA,NA,NA,NA,NA,NA,NA,NA,NA,NA,NA,NA,NA,NA
"32","ports",-0.742236024844721,-0.263121118012423,-0.747515527950311,-0.197515527950311,-0.742857142857143,-0.543633540372671,-0.748679714196956,-0.0598322460391426,NA,NA,NA,NA,NA,NA,NA,NA,NA,NA,NA,NA,NA,NA,NA,NA,NA,NA,-0.748081841432225,-0.24769820971867,NA,NA,-0.747762148337596,-0.37653452685422,-0.840838509316771,-0.324145962732919,NA,NA,NA,NA,NA,NA,-0.932367918523234,-0.445751113940166,NA,NA,NA,NA,NA,NA,NA,NA,NA,NA,NA,NA,NA,NA,NA,NA,NA,NA,NA,NA,NA,NA,NA,NA,NA,NA,NA,NA,NA,NA,NA,NA,NA,NA,NA,NA,NA,NA,NA,NA,NA,NA,NA,NA,NA,NA,NA,NA,NA,NA,NA,NA,NA,NA,NA,NA,NA,NA,NA,NA,NA,NA,NA,NA
"33","public_hsg",-0.229813664596273,-0.184175428314119,-0.130745341614907,-0.105285221108006,-0.262422360248448,-0.322222480326498,-0.140447199180333,-0.0794118887746122,NA,NA,NA,NA,NA,NA,NA,NA,NA,NA,NA,NA,NA,NA,NA,NA,NA,NA,NA,NA,-0.337376689806357,-0.367427798657363,NA,NA,NA,NA,NA,NA,NA,NA,NA,NA,NA,NA,NA,NA,NA,NA,NA,NA,NA,NA,NA,NA,NA,NA,-0.592088607594937,-0.128164556962025,-0.230434782608695,-0.241965313167845,-0.316459627329193,-0.32564381133451,NA,NA,NA,NA,NA,NA,0.00310559006211208,-0.171179480948331,-0.24751552795031,-0.123286564838574,-0.37888198757764,-0.123510996433396,-0.242857142857142,-0.285548821019377,NA,NA,-0.170516240708685,-0.13091550491426,NA,NA,NA,NA,NA,NA,NA,NA,NA,NA,NA,NA,NA,NA,NA,NA,NA,NA,NA,NA,NA,NA,NA,NA,-0.552484472049689,-0.106866784838717,NA,NA
"34","public_hsg_cap",-0.238819875776398,-0.216448632494962,-0.143788819875777,-0.113056275526941,-0.283229813664596,-0.349124558854807,-0.165302628608475,-0.0776656737590956,NA,NA,NA,NA,NA,NA,NA,NA,NA,NA,NA,NA,NA,NA,NA,NA,NA,NA,NA,NA,-0.346236755571794,-0.372892586088916,NA,NA,NA,NA,NA,NA,NA,NA,NA,NA,NA,NA,NA,NA,NA,NA,NA,NA,NA,NA,NA,NA,NA,NA,-0.594303797468354,-0.109836849915881,-0.245031055900621,-0.258214042385987,-0.325465838509316,-0.346413340879514,NA,NA,NA,NA,NA,NA,0.0127329192546584,-0.173908717641843,-0.259627329192547,-0.109229532485229,-0.502484472049689,-0.106343388499764,-0.243167701863354,-0.313343763405587,NA,NA,-0.170557478871805,-0.124992626280887,NA,NA,NA,NA,NA,NA,NA,NA,NA,NA,NA,NA,NA,NA,NA,NA,NA,NA,NA,NA,NA,NA,NA,NA,-0.558695652173913,-0.09254036546108,NA,NA
"35","raise",-0.720807453416149,-0.260980897691316,-0.73695652173913,-0.17484765029884,-0.712111801242236,-0.467681354740419,-0.741379310344828,-0.0712734530236152,NA,NA,NA,NA,NA,NA,NA,NA,-0.739255014326648,-0.0919863881830691,-0.710643722115997,-0.417785033130103,NA,NA,NA,NA,NA,NA,-0.73497442455243,-0.233852482748637,NA,NA,-0.726662404092072,-0.308298750180958,NA,NA,-0.733850931677019,-0.303146607289347,NA,NA,NA,NA,NA,NA,-0.739338001273074,0.0168021810407981,-0.742323796231682,-0.061406338463969,NA,NA,-0.721428571428571,-0.306345951013712,NA,NA,-0.744260204081633,0.0449196187909129,NA,NA,NA,NA,NA,NA,NA,NA,NA,NA,NA,NA,NA,NA,NA,NA,NA,NA,NA,NA,NA,NA,NA,NA,NA,NA,-0.714906832298137,-0.431832298136646,-0.670382165605096,-0.447061651243841,NA,NA,NA,NA,NA,NA,NA,NA,NA,NA,NA,NA,NA,NA,NA,NA,-0.735752944921999,-0.0999516438101069,NA,NA,NA,NA
"36","reconnect_community",-0.742236024844721,-0.26583850931677,-0.748757763975155,-0.112422360248447,-0.738509316770186,-0.406987577639752,-0.749922336129232,-0.167885989437714,NA,NA,NA,NA,NA,NA,NA,NA,NA,NA,-0.739802421924793,-0.487077756532823,NA,NA,NA,NA,NA,NA,NA,NA,NA,NA,-0.745843989769821,-0.253900255754476,NA,NA,NA,NA,NA,NA,NA,NA,NA,NA,-0.75,0.316995544239338,NA,NA,NA,NA,-0.742236024844721,-0.395962732919255,NA,NA,-0.75,0.304655612244898,NA,NA,NA,NA,NA,NA,NA,NA,NA,NA,NA,NA,NA,NA,NA,NA,NA,NA,NA,NA,NA,NA,NA,NA,NA,NA,-0.739130434782609,-0.397127329192547,-0.724522292993631,-0.290684713375796,NA,NA,NA,NA,NA,NA,NA,NA,NA,NA,NA,NA,NA,NA,NA,NA,NA,NA,NA,NA,NA,NA
"37","rural_surface",-0.746273291925466,-0.433281573498965,-0.747204968944099,-0.311496434322522,-0.746583850931677,-0.458983206809294,-0.747903075489282,-0.380760070415243,NA,NA,NA,NA,NA,NA,NA,NA,-0.748646927730023,-0.197601613074393,-0.747609942638623,-0.220292472204518,NA,NA,NA,NA,NA,NA,NA,NA,NA,NA,-0.744565217391304,-0.375929478071423,NA,NA,NA,NA,NA,NA,NA,NA,NA,NA,NA,NA,-0.748953244940684,-0.324429453878163,NA,NA,-0.749068322981366,-0.00989187945709646,NA,NA,-0.749362244897959,0.188362150415722,NA,NA,NA,NA,NA,NA,NA,NA,NA,NA,NA,NA,NA,NA,NA,NA,NA,NA,NA,NA,NA,NA,NA,NA,NA,NA,-0.748447204968944,-0.152300437083046,-0.748407643312102,-0.276509790044822,NA,NA,NA,NA,NA,NA,NA,NA,NA,NA,NA,NA,NA,NA,NA,NA,NA,NA,NA,NA,NA,NA
"38","s8_project",-0.207142857142857,-0.200534711919151,-0.179192546583851,-0.171742553149875,-0.130124223602484,-0.213510853499412,-0.216809355939791,-0.183721484991902,NA,NA,NA,NA,NA,NA,NA,NA,NA,NA,NA,NA,NA,NA,NA,NA,NA,NA,NA,NA,-0.205023748629887,-0.283906882591093,NA,NA,NA,NA,NA,NA,NA,NA,NA,NA,NA,NA,NA,NA,NA,NA,NA,NA,NA,NA,NA,NA,NA,NA,-0.399414262127526,-0.199536918407672,-0.15,-0.190457470320171,-0.209627329192547,-0.252391220526232,NA,NA,NA,NA,-0.0158385093167701,-0.100868810823044,NA,NA,-0.286335403726708,-0.189130155377295,-0.300931677018633,-0.206885524848912,-0.181366459627329,-0.231629170473564,NA,NA,-0.232055289685368,-0.199772866382012,NA,NA,NA,NA,NA,NA,NA,NA,NA,NA,NA,NA,NA,NA,NA,NA,NA,NA,NA,NA,NA,NA,NA,NA,-0.39751552795031,-0.221745137649028,NA,NA
"39","safe_streets",-0.654658385093168,-0.247830249945881,-0.686335403726708,-0.18441168634373,-0.604658385093168,-0.414697017634422,-0.706275240758,-0.162243782101413,-0.665527950310559,-0.252321282866801,NA,NA,NA,NA,NA,NA,-0.712671123845909,-0.0594319016928232,NA,NA,NA,NA,NA,NA,NA,NA,NA,NA,NA,NA,-0.632033248081841,-0.344150901997353,NA,NA,NA,NA,NA,NA,NA,NA,NA,NA,NA,NA,-0.702547103977669,-0.0755188406556293,NA,NA,NA,NA,NA,NA,NA,NA,NA,NA,NA,NA,NA,NA,NA,NA,NA,NA,NA,NA,NA,NA,NA,NA,NA,NA,NA,NA,NA,NA,NA,NA,NA,NA,NA,NA,-0.160681647347391,-0.3217819880125,NA,NA,NA,NA,NA,NA,NA,NA,NA,NA,NA,NA,NA,NA,NA,NA,NA,NA,NA,NA,NA,NA
"40","tribal_broadband",-0.739130434782609,-0.181060423325092,-0.738819875776398,-0.148842187782669,-0.748136645962733,-0.365796297413013,-0.742621932277104,-0.144481944281074,NA,NA,NA,NA,NA,NA,NA,NA,NA,NA,NA,NA,NA,NA,NA,NA,-0.735714285714286,-0.194120484833866,NA,NA,NA,NA,NA,NA,NA,NA,NA,NA,NA,NA,NA,NA,NA,NA,NA,NA,NA,NA,NA,NA,NA,NA,-0.73944099378882,-0.187550503527709,NA,NA,NA,NA,NA,NA,NA,NA,NA,NA,NA,NA,NA,NA,NA,NA,NA,NA,NA,NA,NA,NA,NA,NA,NA,NA,NA,NA,NA,NA,NA,NA,NA,NA,NA,NA,NA,NA,NA,NA,NA,NA,NA,NA,NA,NA,NA,NA,NA,NA,NA,NA,NA,NA
