"","bucket","level","acp_outreach_per_1k_median","ag_rcpp_per_1k_median","ag_reap_per_1k_median","ag_reconnect_per_1k_median","ag_urban_forest_per_1k_median","airport_infrastructure_comp_per_1k_median","airport_infrastructure_formula_per_1k_median","airport_terminal_per_1k_median","asap_per_1k_median","bric_per_1k_median","bridge_per_1k_median","brownfield_per_1k_median","buses_per_1k_median","capital_investment_per_1k_median","carbon_capture_dem_per_1k_median","cdbg_entitlement_per_1k_median","charge_fuel_infra_per_1k_median","clean_hydrogen_per_1k_median","clean_school_bus_per_1k_median","climate_coasts_per_1k_median","coc_per_1k_median","crisi_per_1k_median","culvert_restore_per_1k_median","dac_hubs_per_1k_median","dhs_flood_per_1k_median","doe_battery_per_1k_median","doe_carbon_storage_per_1k_median","doe_grid_innovation_per_1k_median","doe_grid_resilience_per_1k_median","doe_hydrogen_electro_per_1k_median","doe_rural_energy_per_1k_median","doi_aging_infra_per_1k_median","doi_drought_per_1k_median","doi_rural_water_per_1k_median","doi_water_recycle_per_1k_median","doi_water_storage_per_1k_median","dot_tc_per_1k_median","elderly_per_1k_median","epa_great_lakes_per_1k_median","ferry_rural_comms_per_1k_median","fhwa_carbon_per_1k_median","fhwa_protect_comp_per_1k_median","fhwa_stp_per_1k_median","fhwa_tap_per_1k_median","fra_intercity_rail_per_1k_median","fra_rail_cross_per_1k_median","fs_wildfire_per_1k_median","fta_5307_5340_per_1k_median","fta_5310_per_1k_median","fta_5337_combined_per_1k_median","fta_5339_per_1k_median","fta_rail_vehicle_per_1k_median","grrp_comp_per_1k_median","grrp_elements_per_1k_median","grrp_leading_per_1k_median","hcv_per_1k_median","home_per_1k_median","hud_disability_per_1k_median","hud_esg_per_1k_median","hud_hopwa_per_1k_median","indian_health_per_1k_median","indian_water_per_1k_median","infra_per_1k_median","land_port_per_1k_median","low_no_emission_per_1k_median","mega_per_1k_median","motor_carrier_safety_per_1k_median","national_lab_per_1k_median","natural_gas_per_1k_median","ntia_middle_mile_per_1k_median","ports_per_1k_median","public_hsg_per_1k_median","public_hsg_cap_per_1k_median","raise_per_1k_median","reconnect_community_per_1k_median","rural_surface_per_1k_median","s8_project_per_1k_median","safe_streets_per_1k_median","smart_grid_per_1k_median","tribal_broadband_per_1k_median","ttp_per_1k_median","acp_outreach_per_1k_funded_median","ag_rcpp_per_1k_funded_median","ag_reap_per_1k_funded_median","ag_reconnect_per_1k_funded_median","ag_urban_forest_per_1k_funded_median","airport_infrastructure_comp_per_1k_funded_median","airport_infrastructure_formula_per_1k_funded_median","airport_terminal_per_1k_funded_median","asap_per_1k_funded_median","bric_per_1k_funded_median","bridge_per_1k_funded_median","brownfield_per_1k_funded_median","buses_per_1k_funded_median","capital_investment_per_1k_funded_median","carbon_capture_dem_per_1k_funded_median","cdbg_entitlement_per_1k_funded_median","charge_fuel_infra_per_1k_funded_median","clean_hydrogen_per_1k_funded_median","clean_school_bus_per_1k_funded_median","climate_coasts_per_1k_funded_median","coc_per_1k_funded_median","crisi_per_1k_funded_median","culvert_restore_per_1k_funded_median","dac_hubs_per_1k_funded_median","dhs_flood_per_1k_funded_median","doe_battery_per_1k_funded_median","doe_carbon_storage_per_1k_funded_median","doe_grid_innovation_per_1k_funded_median","doe_grid_resilience_per_1k_funded_median","doe_hydrogen_electro_per_1k_funded_median","doe_rural_energy_per_1k_funded_median","doi_aging_infra_per_1k_funded_median","doi_drought_per_1k_funded_median","doi_rural_water_per_1k_funded_median","doi_water_recycle_per_1k_funded_median","doi_water_storage_per_1k_funded_median","dot_tc_per_1k_funded_median","elderly_per_1k_funded_median","epa_great_lakes_per_1k_funded_median","ferry_rural_comms_per_1k_funded_median","fhwa_carbon_per_1k_funded_median","fhwa_protect_comp_per_1k_funded_median","fhwa_stp_per_1k_funded_median","fhwa_tap_per_1k_funded_median","fra_intercity_rail_per_1k_funded_median","fra_rail_cross_per_1k_funded_median","fs_wildfire_per_1k_funded_median","fta_5307_5340_per_1k_funded_median","fta_5310_per_1k_funded_median","fta_5337_combined_per_1k_funded_median","fta_5339_per_1k_funded_median","fta_rail_vehicle_per_1k_funded_median","grrp_comp_per_1k_funded_median","grrp_elements_per_1k_funded_median","grrp_leading_per_1k_funded_median","hcv_per_1k_funded_median","home_per_1k_funded_median","hud_disability_per_1k_funded_median","hud_esg_per_1k_funded_median","hud_hopwa_per_1k_funded_median","indian_health_per_1k_funded_median","indian_water_per_1k_funded_median","infra_per_1k_funded_median","land_port_per_1k_funded_median","low_no_emission_per_1k_funded_median","mega_per_1k_funded_median","motor_carrier_safety_per_1k_funded_median","national_lab_per_1k_funded_median","natural_gas_per_1k_funded_median","ntia_middle_mile_per_1k_funded_median","ports_per_1k_funded_median","public_hsg_per_1k_funded_median","public_hsg_cap_per_1k_funded_median","raise_per_1k_funded_median","reconnect_community_per_1k_funded_median","rural_surface_per_1k_funded_median","s8_project_per_1k_funded_median","safe_streets_per_1k_funded_median","smart_grid_per_1k_funded_median","tribal_broadband_per_1k_funded_median","ttp_per_1k_funded_median"
"1","percent_poc_bucket",1,0,0,0,0,0,0,0,0,0,0,0,0,0,0,0,0,0,0,0,0,0,0,0,0,0,0,0,0,0,0,0,0,0,0,0,0,0,0,0,0,0,0,0,0,0,0,0,0,0,0,0,0,0,0,0,0,0,0,0,0,0,0,0,0,0,0,0,0,0,0,0,0,0,0,0,0,8362.1277772656,0,0,0,0,4759.96049702902,139881.650637465,5601.28029263832,313740.706405859,29347.6784689369,NA,12856.4749883123,35721.3247716004,NA,268171.958684009,9632.75135460566,9742.6199801251,37512.916151893,NA,109606.844924482,12955.3946559942,32031.7755213171,2399543.43822148,57910.7306099426,NA,8440.78182657551,171358.249158249,122816.989554409,NA,4024.74613874904,NA,NA,NA,NA,NA,NA,104895.104895105,NA,886367.66530757,NA,543617.995155831,28805.9916462624,7189.56339851136,NA,41795.1970659901,1315.62632449829,181597.038603913,11516.9840901173,1435.6002580021,NA,48879.4453902245,4339.45464663328,11379.488587776,1007.24330436012,4272.03317216476,702.98273155416,NA,NA,NA,NA,66088.5376548589,8582.25793072393,4127.31876635939,NA,77969.955189892,12971.6499383694,NA,145703.040669578,3442818.7022874,NA,NA,10616.3367804955,NA,117063.120434538,102289.9846747,NA,32600.5385996409,29833.4065934066,194855.374424209,3088.09476898828,1451235.0790306,36044.840391909,2858.00005839943,42804.8761196686,46613.9398492901,30369.2235264121
"2","percent_poc_bucket",2,0,0,0,0,0,0,0,0,0,0,0,0,0,0,0,0,0,0,0,0,0,0,0,0,0,0,0,0,0,0,0,0,0,0,0,0,0,0,0,0,0,0,0,0,0,0,0,0,0,0,0,0,0,0,0,0,0,0,0,0,0,0,0,0,0,0,0,0,0,0,0,0,0,0,0,0,23016.7729395673,0,0,0,0,2965.99486882888,110343.932120456,4961.9778650482,207309.492303032,15302.2188217291,2437.82825143561,11227.8184892897,77397.1355358287,NA,226574.500678689,1001058.39125285,13422.4356186863,42800.8719763168,NA,NA,10905.8709524312,16748.9224859867,5143342.20440009,50107.8269694279,NA,7585.63970847849,105368.090743382,75029.8303952907,NA,NA,NA,NA,NA,NA,NA,391725.973475444,545713.963496783,NA,1203032.92137226,239330.543933054,18227386.8762816,7556.17768309881,4736.25424251774,NA,634740.046570218,934.401519687803,673.739205164752,7463.80062044102,727.251578883882,66704.1936391782,22006.1500217944,8205.15157916423,9491.27891230161,458.871474974798,8617.24127591656,495.386126500263,NA,NA,15340.4282989423,NA,74378.0881692148,6559.57424969064,2173.56110642102,1874.30215384264,16429.2518847079,NA,NA,654001.868576767,1038098.20409011,31659.3591905565,NA,1857.39736931883,NA,1660.36301387113,57205.2065631501,1177178.14471741,24560.1756718643,26135.6783919598,162234.32391098,NA,385951.370127364,36555.2153364841,2491.9013207077,54496.6644009768,5648.76009715867,1980.89678959936
"3","percent_poc_bucket",3,0,0,0,0,0,0,0,0,0,0,0,0,0,0,0,0,0,0,0,0,0,0,0,0,0,0,0,0,0,0,0,0,0,0,0,0,0,0,0,0,0,0,0,0,0,0,0,0,0,0,0,0,0,0,0,0,0,0,0,0,0,0,0,0,0,0,0,0,0,0,0,183.662029478105,302.939429711043,0,0,0,18449.6713265275,0,0,0,0,10973.1384438858,212152.087576375,2813.57981393975,210502.574897568,23645.7331656681,16348.0887320205,9670.34271037867,71567.925804649,NA,304871.540320605,2352.91810864599,14265.1388710575,12550.3048236435,NA,89305909.7498855,11201.8510648364,NA,1644941.58234489,38897.7622404402,6045.66176148632,6558.64561736935,116955.79329032,250556.477499849,NA,36101.3333333333,13739244.4072257,202523.381837398,NA,NA,NA,522038.553347189,35638.6369003175,27841.0253510612,493580.214952538,NA,67996.3735267452,11938.4864427357,4481.71345487082,20175.801819496,NA,2306.24962550183,4000,17959.8852315844,2322.25869353817,NA,81842.0984238717,7950.73200080219,16201.9755576649,1290.92136250096,527.669697431839,1281.94934195223,NA,NA,4970.11305350492,NA,61646.3900271253,5863.28641698843,2289.31931045864,2953.94555753546,13538.1109827422,NA,84.4891284598147,321074.370337485,8800602.89463787,20557.0973378559,NA,1065.03705275417,9204777.70902477,11483.9671280428,68490.349524277,81432.2825468729,26132.6850326084,25161.383504371,86092.1377405087,3286.53119907552,231566.686930021,35301.5321974157,2136.90179017189,47904.9705628062,15473.695969025,16135.4166666667
"4","percent_poc_bucket",4,0,0,0,0,0,0,0,0,0,0,0,0,0,0,0,0,0,0,0,0,0,0,0,0,0,0,0,0,0,0,0,0,0,0,0,0,0,0,0,0,0,0,0,0,0,0,0,0,0,0,0,0,0,0,0,0,0,0,0,0,0,0,0,0,0,0,0,0,0,0,0,5992.83254497808,6885.60681840103,0,0,0,22478.1217718585,0,0,0,0,2367.06600346033,111899.914198279,1573.52399373676,206428.827743754,6076.2470034521,4821.51305645407,13304.1969278231,13193.1978246037,NA,81298.6210723597,1257706.37700283,4616.19212067105,20208.0348279227,663431.991828006,NA,10801.9524559163,18156.3600270012,949536.01051162,28414.6009626137,154807.185425737,5096.46087440656,44165.5093247437,241800.337531723,NA,443621.37669516,2653589.33922685,3521870.48794855,5303774.71696148,112765.854628811,129948.3973031,54329.4334044447,53472.5687935989,241974.290852294,1296454.77312698,NA,191327.87139119,4284.54723497886,4855.25396899297,160282.043140525,46642.1057090458,3047.03103664612,10963.0592568519,16255.4612203254,2200.95069944316,46672.5519489339,32646.3383947223,11296.0436562074,24945.461282321,1243.33457943925,8586.02301723689,1517.50262571407,NA,77477.3378786705,17104.7864626986,NA,64902.6740647629,6906.15813609716,1659.84906290352,3305.66053221008,6654.99941733084,123771.913165061,21737.4248772694,393840.915170789,956083.880425776,19703.0330633447,1873977.45388104,100553.041729512,NA,33738.7418201531,69561.671219799,597207.75589594,26264.6454438268,24383.1798491629,89147.0338078733,49939.1007783934,332578.872003326,34172.6160886694,2138.80419090684,29111.6570654016,21382.8528605887,9133.25557661467
"5","percent_poc_bucket",5,0,0,0,0,0,0,0,0,0,0,0,0,0,0,0,0,0,0,0,0,0,0,0,0,0,0,0,0,0,0,0,0,0,0,0,0,0,0,0,0,0,0,0,0,0,0,0,0,0,0,0,0,0,0,0,0,0,0,0,0,0,0,0,0,0,0,0,0,0,0,0,5666.56578113502,4381.95466217548,0,0,0,21491.2348090715,0,0,0,0,2778.75034039692,63816.9952131097,3292.81613449802,304671.86201687,5484.50415959355,7135.27147218904,10417.5435863989,36108.78917157,17859.7602554217,186213.129294214,4798.46449136276,5029.32094108653,15078.7323729198,NA,NA,10008.4411894426,16244.0859489436,1023754.33037412,52442.2471455486,31944.6933783878,5145.1845596757,35166.9929792421,35696.0186988703,NA,14771.252910501,556758.42870399,NA,4779346.52749475,101697.655805076,81640.8526526405,583542.715381146,147911.851946209,17428.9913842686,532191.992145045,9380.44255535062,NA,3562.23511887509,3990.8032300246,NA,NA,3513.51988508768,51182.4339580041,24565.6455761479,2809.08700974917,4241445.848383,5475.90860969288,4763.70150561411,29214.0120747763,2010.92201560224,8480.73825260953,1838.94821922991,148485.455913889,147061.781389612,3996.16368286445,206338.72565203,66194.3597999691,7364.10959164835,1546.57268696121,1536.78163232435,4923.03728585016,37112.27154047,34.4716813284571,426920.958180425,15734912.995187,24193.0045514059,664794.327752351,1487.99559553304,251656.309383185,761.123721656782,46734.9315483624,250211.115628812,23383.7657534636,23701.4843166081,61006.7661905273,10440.6817829948,268947.714138812,36208.2892863071,1984.05458209833,21951.8025037186,18785.7303877367,29918.0716104713
"6","percent_poc_bucket",6,0,0,0,0,0,0,0,0,0,0,0,0,0,0,0,0,0,0,0,0,226.067312772419,0,0,0,0,0,0,0,0,0,0,0,0,0,0,0,0,0,0,0,0,0,0,0,0,0,0,0,0,0,0,0,0,0,0,2386.12072858648,0,0,0,0,0,0,0,0,0,0,0,0,0,0,0,6093.65250399757,5166.3614819569,0,0,0,19449.643316517,0,0,0,0,2027.46718059223,61096.4815107268,1188.76898996409,197795.29639717,4841.02184268619,5412.75019971182,6901.91175818635,25918.5868551119,22392.779643985,75056.4950298147,2391.87631825002,5036.6669352889,21127.672152967,95081.1206971453,NA,10584.6746048075,12398.1095711138,636227.021706793,39765.0659202994,16690.2209874009,4328.64739534588,18454.2032552468,27866.4634032981,NA,20146.8859594806,NA,124172.540504426,168325.459292845,91121.6148717615,38215.5285066184,483639.401496259,110391.521931116,5141.35536930741,158583.911535126,11203.2089751022,74385.2685264428,3375.59094787345,3743.12703137361,6721.95225679999,54570.7799826557,3652.43438812429,10669.5037101355,30394.2343180334,3591.75828058064,76383.7369597615,37477.1467043481,14317.2399454064,30984.8911483697,2114.6331144921,12800.7691833314,1978.67599668539,43906.7297205842,313898.031833945,2019.22408310367,6968.26856960618,92783.3285836421,6032.04204754795,1316.2307097862,1007.11619217083,3816.32119122076,31544.9104511449,229.593912122614,405039.290075004,683272.706867944,27245.3711187386,NA,574.08796558534,NA,60559.5206878678,22667.6710116354,112549.35801888,22687.993372976,19462.5279939204,74897.2105476365,21396.3232292565,116599.898823145,34641.7615869671,2672.7167044244,28885.9181555868,22356.8642465552,19633.5346277804
"7","percent_poc_bucket",7,0,0,0,0,0,0,0,0,0,0,0,0,0,0,0,0,0,0,0,0,256.201283802443,0,0,0,0,0,0,0,0,0,0,0,0,0,0,0,0,0,0,0,0,0,0,0,0,0,0,0,0,0,0,0,0,0,0,0,0,0,0,0,0,0,0,0,0,0,0,0,0,0,0,7465.4804207697,6198.18390366871,0,0,0,19922.6304973403,0,0,0,0,1131.08523288021,18576.4862672671,854.672568889318,290473.804313748,6895.02032257707,854.50093714472,5311.1719437957,15890.235209922,13552.0684736091,21545.2077489994,567089.787722318,1852.15139732475,14522.8497360099,58652.2484874129,614123.450789793,11682.355313941,6424.06944160715,711741.240066761,41118.5866250644,3650.15552669008,4317.93695890261,16860.4005278531,10537.4818228439,NA,5080.18374283412,1214497.31718433,843531.362427655,350850.070457717,37107.0861940665,20585.763877443,NA,113960.684856089,785.370354836004,4112166.60577274,14596.7335371914,NA,1198.65770912925,3548.43885785227,3643.13809693484,7532.83846769511,3680.72129213069,5104.23811270796,29060.5614443686,3464.05145290607,4175235.48097235,2209.296173267,9624.749498998,30538.853208355,1961.9259057622,9303.0019447572,1955.57180995545,7478.02899107061,54162.407572117,2267.19030547869,8823.91994285078,81889.4850338472,6581.72172437683,1736.51473341504,1101.31801745415,4419.31211555601,12194.4299757295,50.1027944871697,162123.421320684,24598466.2132832,15751.5608794687,NA,1206.62511037125,115478.294043045,28116.9906222512,15767.7012772554,31321.4909972896,27207.3159637568,22986.908623815,31902.1339669992,6480.65205113397,3941.63376796133,33388.3793494705,2242.18136797063,38047.5950574231,81805.917644117,51037.0208658884
"8","percent_poc_bucket",8,0,0,0,0,0,0,0,0,0,0,0,0,0,0,0,0,0,0,0,0,0,0,0,0,0,0,0,0,0,0,0,0,0,0,0,0,0,0,0,0,0,0,0,0,0,0,0,0,0,0,0,0,0,0,0,0,0,0,0,0,0,0,0,0,0,0,0,0,0,0,0,7845.40047609191,7530.0408059743,0,0,0,24695.4537161333,0,0,0,0,710.453320430178,237727.258626057,1521.27406703114,477637.034065073,3493.70051253977,5128.24038359426,7685.29373453172,14200.0561149514,13285.2878131148,45875.774434186,394554.208761618,3552.14543263879,13027.7817150957,34852.2176064207,82765.2090995525,11889.9926619614,3354.79799758857,7931835.47979996,62949.2535568667,9632.92351581315,5789.3486708051,69905.1867788816,25747.0117960412,2957733.98140571,9424.26543697313,975647.830159226,94467.8324776877,423230.511364628,88444.2306059491,10439.5659625189,357045.131509313,334680.294746851,73057.4743168529,366591.814494668,14637.6301477838,2215759.61778147,1008.61889850832,3895.91131586525,NA,281353.309418302,3682.0631107231,15965.8424232718,33897.2664816623,3820.30280028479,568295.331837546,1451.73044277138,17488.2886684955,30372.1974109644,2025.12760728464,19352.2620202666,2127.88405160426,82160.8501618085,7943.22068179311,1323.19259248771,111975.724345956,98948.5799993479,6437.62813976925,1485.55783195646,981.617096986488,4322.82916703242,84057.4050571122,8753.52555370408,173688.032624235,NA,16265.6930394587,153225.707596318,819.023572650383,89889.2227878113,42003.0731963217,21927.6592485417,32768.3158703831,32836.7176186645,27302.5688023936,42295.101381358,5030.33289416864,4667.28877894721,38226.5420412153,2133.65109973611,14868.632902347,78727.097871704,69548.4975150578
"9","percent_poc_bucket",9,0,0,0,0,0,0,0,0,0,0,0,0,0,0,0,0,0,0,0,0,0,0,0,0,0,0,0,0,0,0,0,0,0,0,0,0,0,0,0,0,0,0,0,0,0,0,0,0,0,0,0,0,0,0,0,0,0,0,0,0,0,0,0,0,0,0,0,0,0,0,0,15804.4897026547,13644.3520601564,0,0,0,26742.7878668346,0,0,0,0,660.804886784299,89813.3857843401,2197.73277819612,247007.840038896,3778.57547704515,738.743598200074,8150.40049835936,18137.1622898167,19529.546052455,28162.1373958363,8947.38762665364,2759.49611600922,21439.603651896,52714.5606137239,2803301.6664071,13184.3829138337,9277.08885857129,NA,48872.4429239684,5492.95662343185,8712.64794842351,15158.8864511133,504733.750058466,NA,18273.7747811211,2567202.63540377,49483.4004739337,NA,18827.9614563533,23216.4487380831,41931.7584035814,21781.0257643398,27068.370567756,13457477.8300655,15680.5093540224,137127.812262883,6400.77968812475,4986.00912448403,14770.3962045773,239800.717327953,3952.32167745465,4235.21315033683,32376.357938055,3939.8047359258,446130.03115961,1547.53335756513,5268.09312882088,33894.7849083647,2124.01812815594,17754.6685294728,2398.31750138139,67944.9778605788,42280.7929904768,577.662748679835,6576.94237035712,131282.575833616,7410.09222103995,1993.0066242568,1194.97780526177,6360.99597000597,70622.9650187794,172.912633483704,49526.6302330779,2649436.10509166,14979.530001461,109821.722736757,199.231591465865,425989.241683465,43279.935675471,17246.2308148902,199920.031987205,35961.8893426142,29310.3782735209,19059.6780882615,6425.45945212964,11277.5065715359,53185.1652667221,2368.22518438325,23176.0350855671,39765.7772496842,25086.1304901057
"10","percent_poc_bucket",10,0,0,0,0,0,0,0,0,0,0,0,0,0,0,0,0,0,0,0,0,0,0,0,0,0,0,0,0,0,0,0,0,0,0,0,0,0,0,0,0,0,0,0,0,0,0,0,0,0,0,0,0,0,0,0,34295.7438256442,0,0,0,0,0,0,0,0,0,0,0,0,0,0,0,0,0,0,0,0,25367.31008985,0,0,0,0,581.336123879757,559995.987158909,2565.66890653635,474595.523670739,4749.38255189036,2099.25824811171,11369.2407713276,10207.3938277931,28232.5181893103,23333.6273515385,37330.9756912514,1879.32575523799,25211.672669627,29688.031865474,NA,20017.8963093628,4902.79951674575,NA,31992.9440822733,15601.6321276475,11680.1711342991,42900.5590024263,3879815.1504436,NA,6346.12568564086,51964.8156626112,143462.176765728,249134.803819372,132009.984087059,15251.8422318936,4914231.85673893,144077.259475219,51303.6002008315,407873.495759833,6775.21165004726,412931.026284728,10572.6970808268,7513.33344175333,NA,6936.27440098735,3670.30428523594,6759.95994514329,30018.3275900657,3726.12949916401,920810.942501829,2547.47839023435,4680.05582688012,39606.4751746326,2199.82674465149,18012.2265913001,2516.22368363881,56287.5492993717,90962.0659759235,2401.09817126424,32689.4924600975,83283.7294790109,8542.05984628958,1821.07335166838,1427.52150414615,9338.28878798135,298266.796166673,886.932644295235,121038.478116021,776661.907123185,17081.8124203453,24659.6494156612,211.690090496787,95166.7278668632,7331.6631150287,31786.3117039305,22022.8859931246,31936.7374391846,26830.4448811863,47422.4027224253,9654.93806468346,318208.909752973,62969.8204127908,4714.20750585141,2390.27587966634,248343.154868847,220335.681035153
"11","poverty_rate_bucket",1,0,0,0,0,0,0,0,0,0,0,0,0,0,0,0,0,0,0,0,0,0,0,0,0,0,0,0,0,0,0,0,0,0,0,0,0,0,0,0,0,0,0,0,0,0,0,0,0,0,0,0,0,0,0,0,0,0,0,0,0,0,0,0,0,0,0,0,0,0,0,0,0,0,0,0,0,10453.3122691152,0,0,0,0,1070.41606411889,90000.4290602268,1131.22656668452,274156.507840512,2276.17815693072,741.451881160459,15816.446853694,28193.4800960421,18694.6531539383,62324.3615494979,16736.4016736402,2242.99065420561,17807.9501947668,29600.4946380391,NA,8661.02466256802,9225.75682916601,NA,25550.0045579017,7373.08048478167,6514.28306436654,10165.1223914078,601570.61230423,NA,7645.40759608133,51964.8156626112,4002572.65764348,86041.1049329774,75783.9753074444,30014.3408769792,395580.208016871,318259.678942398,2623.29411444727,449133.566683903,8153.70009778738,328587.075575027,4730.35094890484,3248.03212782929,36102.9166059274,154703.831884308,4166.4288798363,7639.44949469301,34864.9132736292,4233.05256849885,1541656.4453505,1714.10358964104,3429.08084877897,49629.0156347231,2176.06711256436,22134.3673753921,2862.03614166566,81575.0119074912,NA,1733.44889708175,7965.96937881371,77348.5538510706,4275.21081251478,1158.29557000821,707.461820672231,3356.33983274874,574451.590594744,NA,627418.042507353,1413427.56183746,25557.0276737981,62134.7591401824,1087.42301045086,99717.9694399797,43419.333666146,45001.9264967398,1977458.18901176,9476.49146650994,9292.8216436998,44450.1748098627,7477.61533450765,332578.872003326,27704.7861347858,2027.1462468405,24225.4560986367,21382.8528605887,18972.9392408117
"12","poverty_rate_bucket",2,0,0,0,0,0,0,0,0,0,0,0,0,0,0,0,0,0,0,0,0,0,0,0,0,0,0,0,0,0,0,0,0,0,0,0,0,0,0,0,0,0,0,0,0,0,0,0,0,0,0,0,0,0,0,0,0,0,0,0,0,0,0,0,0,0,0,0,0,0,0,0,0,0,0,0,0,19890.2378007817,0,0,0,0,742.524961072799,70089.4508849391,3560.81014362624,171468.417625353,6091.82345135905,2901.956338236,12853.4264266475,24345.3572498818,7662.86541974765,25004.6968323737,1356.61762932155,3346.41575592056,22452.959347398,71486.4893001838,NA,11363.6940619621,5564.45439231166,NA,27935.9241840235,22481.5787538809,7010.29597520856,37000.8585665286,11263.3141164795,NA,7114.04476504725,339118.144026129,5013.83008876631,139554.236395327,74143.8921383259,15595.4310826053,12608899.2974239,85547.3318290422,24404.22151089,437392.268047281,8842.52446090958,80154.1748127703,2392.83212631423,4736.25424251774,4166.65613209195,39226.1314230708,3357.53240420215,14096.4920073124,30171.0659207215,3304.00538358713,535044.005628317,2957.97163811285,4718.79792853726,31051.7467160932,1865.14931527058,18738.4617284353,2099.86791601016,72987.8774814583,NA,1365.85459128645,12074.4802238126,81055.6285622278,6108.17508694967,1316.2307097862,894.582604485197,4993.05649870977,839990.881147541,96.8501619075655,67050.6585413154,NA,18603.5412694089,2997438.55250967,516.457700865235,303791.478486745,33738.7418201531,37990.6082803279,40538.0670608058,15452.7738764045,15074.2953541173,54943.0812991504,19314.6034272286,1307548.83675272,36411.7962392723,2133.65109973611,33832.9863791,68362.243502052,8571.02381527822
"13","poverty_rate_bucket",3,0,0,0,0,0,0,0,0,0,0,0,0,0,0,0,0,0,0,0,0,0,0,0,0,0,0,0,0,0,0,0,0,0,0,0,0,0,0,0,0,0,0,0,0,0,0,0,0,0,0,0,0,0,0,0,0,0,0,0,0,0,0,0,0,0,0,0,0,0,0,0,560.466638718586,429.617620324186,0,0,0,15463.0662734819,0,0,0,0,754.014589105136,129529.831660114,1663.39450052987,157991,4399.56444268462,3330.45327188049,13034.8100957897,26271.2359156985,43174.1463255811,57156.966748363,1704.2571230043,3570.62099791332,33032.3765020027,95081.1206971453,109606.844924482,11499.6891366969,25672.0184662734,2035752.35803902,30419.4736454506,10280.8788833384,6336.32480733971,32713.4163623935,62333.2092432126,NA,45160.4935265862,898198.21438195,49483.4004739337,5635537.99312312,88444.2306059491,17911.3246141005,267437.065706857,51957.0488396259,1060.50194826231,766119.762569832,7858.37201601143,NA,2010.55188077552,3649.95229061008,1032245.73636898,19716.0043160805,3607.42364132935,1780.44608416622,28094.0831725309,3411.7888903652,108034.615087439,3393.67105966637,8898.17352735971,30869.5486931534,1930.03977104521,9049.05791078544,1990.37097697471,147150.553776399,NA,3996.16368286445,8325.06953824702,65188.982848509,5947.00367350795,1293.0931863513,975.516028630179,4656.39273086802,3723.51694036467,23.4422316434501,161284.268102101,15734912.995187,16149.3009353004,NA,459.983750694045,40853.9471389781,32011.8285176053,53413.5582633055,40795.7986431389,17320.5388147009,17051.3449009869,42795.0010460153,3567.08745725287,315523.503222327,30170.6378174414,2145.85898674459,61752.9263657202,9159.48560123104,15553.9368027736
"14","poverty_rate_bucket",4,0,0,0,0,0,0,0,0,0,0,0,0,0,0,0,0,0,0,0,0,0,0,0,0,0,0,0,0,0,0,0,0,0,0,0,0,0,0,0,0,0,0,0,0,0,0,0,0,0,0,0,0,0,0,0,0,0,0,0,0,0,0,0,0,0,0,0,0,0,0,0,4113.61690894464,3241.32576058878,0,0,0,17784.2181312172,0,0,0,0,1159.34009349482,91158.0325807972,1739.10685451886,251304.864204,6119.42673210374,848.51080099794,11755.4627735822,19287.9068927592,23309.6406703984,42001.7697303498,1804591.60287435,4365.04111885182,12328.136297775,18787.6030366509,89256187.1118549,12632.9147957338,6855.09072515139,4173811.02788557,38949.946292227,2704.71221311859,5373.80335092012,46645.7655983898,84582.0810028111,NA,23377.769289534,975647.830159226,189890.421455939,168325.459292845,19871.4194023957,8679.83285121881,648197.242841994,468784.041398748,6184.62816017715,669809.910937361,76600.6516088882,382981.482096303,5181.75910001451,3637.51350794409,268716.693105272,473710.363237579,3099.46675308795,11987.5258868759,23162.1348392944,2724.64531764028,328947.951116599,23303.4189221013,5729.74168181633,25990.4728396461,1521.24014533797,3005.53004288886,1493.03479520449,16126.2353607182,NA,150.567146474044,4103.80997718282,84703.3827758438,6189.67267682698,1346.74371035094,1151.72429845307,6723.63284455407,47303.9293849658,133.0184653503,480383.066980652,558804.902581679,18055.0707661079,430169.038994586,160.100868833447,69277.4766697909,87066.8126674574,79553.1485468246,335442.49794797,24107.2089002504,24117.7024788019,33018.1422265352,8622.17300582055,10192.0266952828,30252.9745953478,2353.6308085832,20051.9739157821,21692.223430246,12787.6359473383
"15","poverty_rate_bucket",5,0,0,0,0,0,0,0,0,0,0,0,0,0,0,0,0,0,0,0,0,0,0,0,0,0,0,0,0,0,0,0,0,0,0,0,0,0,0,0,0,0,0,0,0,0,0,0,0,0,0,0,0,0,0,0,0,0,0,0,0,0,0,0,0,0,0,0,0,0,0,0,6100.98245975489,6845.67396768851,0,0,0,20593.0232956508,0,0,0,0,752.226258849193,87263.444920425,3012.911513315,299612.710388903,5009.84497053428,5963.81817583722,7048.51104707012,13808.819961049,35802.1842272692,12777.8927061232,27855.6004361723,4230.80711168831,16488.846766803,51354.1462384203,2803301.6664071,12933.1768724869,15311.7277635245,1023754.33037412,65144.8572463683,2183.96183637388,5927.29954461391,12794.4491142004,19505.2387071266,NA,3264.15276040806,556758.42870399,150727.308821048,103898.522729256,19492.1999215003,13210.5550479537,54329.4334044447,143338.250584941,5564.58568300935,740840.517241379,12003.3111182752,10757.50012909,6503.15306929298,4429.65746140451,6721.95225679999,490037.762672142,3293.15055265706,3387.51908541172,24557.1274405816,2749.31448972172,345547.054077982,2854.15415001149,14358.111606961,31440.7786251907,1957.57535477002,7531.06408080997,1922.18445464986,12305.1702824474,54162.407572117,899.490557115099,1079.40451690168,81426.3791329247,7142.42205216538,2250.344191468,1220.63383542028,5728.84012810745,22380.2941176471,42.2872379078134,157532.446885284,2839675.27478034,13131.1099796334,645043.285859455,573.886249839517,9204777.70902477,519.59477472674,62674.3059499549,71314.1483557171,27207.3159637568,24913.7154554759,64776.4378937655,15440.7551463291,147199.485103554,35063.1374945648,3003.6958682718,25741.3198112541,22881.4757411511,10370.8609271523
"16","poverty_rate_bucket",6,0,0,0,0,0,0,0,0,0,0,0,0,0,0,0,0,0,0,0,0,0,0,0,0,0,0,0,0,0,0,0,0,0,0,0,0,0,0,0,0,0,0,0,0,0,0,0,0,0,0,0,0,0,0,0,0,0,0,0,0,0,0,0,0,0,0,0,0,0,0,0,11449.7331228352,9892.24366936194,0,0,0,23014.8614359173,0,0,0,0,735.483396462325,62282.5137785413,2051.27332444869,284825.696844892,5009.45969561815,2638.76232887476,6206.39013467822,18513.0594653583,876.426383939862,32153.0726333624,458674.912959842,4428.47454421883,14522.8497360099,9352.15736770099,614123.450789793,14344.9886244469,3504.86385396136,6171524.31209745,28981.0558517165,4017.56432672263,6799.63211466659,25161.9269086256,40002.882746241,NA,9424.26543697313,2069365.11878156,124680.012237519,742562.5,89323.8383647204,15406.9702528791,55782.7151678781,47225.8995440995,NA,11783283.8946083,6775.21165004726,263052.187198744,1932.59819970839,3865.21077045633,NA,3910.45067944081,3345.41207370433,3806.65204950934,26536.6840784286,3400.32448440279,693631.354356837,9176.74386592794,2444.7610157248,28318.5997801088,1991.6914892313,9219.77585131592,1769.84727611017,89819.5619961464,7943.22068179311,4627.46759476474,111280.517077848,82874.3335442529,7750.70462010348,1670.86551119535,1287.0316108743,7842.48915240241,8026.77099724911,NA,281224.241440857,1859148.75024511,13586.513508149,141968.210092495,340.665983436134,271836.49507311,1564.99046471946,27516.4218842066,24790.9926832945,24025.5965534457,23199.8514067893,43311.6463275192,17264.7713454432,11433.6231518729,40772.513820365,2699.82018503224,16255.4260612192,66528.9345319863,24437.2815096042
"17","poverty_rate_bucket",7,0,0,0,0,0,0,0,0,0,0,0,0,0,0,0,0,0,0,0,0,0,0,0,0,0,0,0,0,0,0,0,0,0,0,0,0,0,0,0,0,0,0,0,0,0,0,0,0,0,0,0,0,0,0,0,0,0,0,0,0,0,0,0,0,0,0,0,0,0,0,0,9795.47583931017,9417.5055120599,0,0,0,27409.0319060766,0,0,0,0,1161.47499728774,45268.2086828039,2295.62995377023,305243.644339728,6063.75834957169,4431.71992234257,8709.87475210302,16813.331582505,976.071615127615,47934.7194925853,352286.948804332,4256.58258490666,25312.6995632998,180106.861289985,132487.847130219,13075.3600785777,12174.5390683786,1644941.58234489,43263.5066741595,23320.1185994603,5115.84421332153,102304.01561397,106203.428361482,2957733.98140571,14232.7478043294,2859314.74562642,143462.176765728,NA,36685.239166042,41218.7561828134,528607.583558062,28146.0283015542,70564.9432437534,4112166.60577274,NA,138013.036923796,6367.03211558443,4662.03154400939,4868.95287666052,5231.2907381934,3703.34509415721,5374.59283387622,31723.8294263,3687.68867971611,1289545.40991865,12984.654160082,15266.6638588126,26257.1116471713,2050.05572756803,10306.8420851341,1769.36382353795,8833.76553486048,90962.0659759235,2136.83127865135,32689.4924600975,96266.0060495305,7962.92352641593,2199.70352564103,1410.29570300523,7187.56301242177,21354.1909619976,362.337662337662,205776.331841894,NA,17929.0329271864,459386.365262276,730.631713248258,NA,28499.3824444055,32598.7586023462,NA,31181.4555667547,29531.8961987071,46517.825066975,7672.40845409831,5039.75771709228,39272.4409448819,2314.36072581673,21910.1564214747,21796.218487395,26279.5469203483
"18","poverty_rate_bucket",8,0,0,0,0,0,0,0,0,0,0,0,0,0,0,0,0,0,0,0,0,0,0,0,0,0,0,0,0,0,0,0,0,0,0,0,0,0,0,0,0,0,0,0,0,0,0,0,0,0,0,0,0,0,0,0,0,0,0,0,0,0,0,0,0,0,0,0,0,0,0,0,19528.8561312252,17723.7999463306,0,0,0,27954.1087545274,0,0,0,0,1103.99159200004,49659.800195461,1568.73496873497,210808.879105504,13037.1297455152,4723.57259540633,7626.70734243916,10738.1726698165,49376.9679183754,38933.3393266508,3149.04839693755,6199.86329311692,28905.5985292761,57183.6152234735,NA,13457.0747956565,17875.9527393496,949536.01051162,63909.4831337084,9114.42446130945,5388.02230378317,69905.1867788816,91329.3654716944,NA,14846.6245079934,1863846.04631657,195156.583757437,NA,94720.6523139208,12442.1242677016,168639.906274296,146862.889336624,152081.573719748,NA,25092.1539224413,137127.812262883,6711.40939597315,5265.50897849303,400.433167022604,253377.830780337,3517.98617844674,19763.7609925403,29074.2463280349,3554.97255762898,5157242.51401254,434.037196987782,17019.5384301178,26985.482775708,1916.88954020883,5250.92820064836,1720.04184686499,104714.150506454,63469.1869361633,7381.70055452865,NA,96374.2477280603,7461.16468358461,1920.0482929774,1968.14287059414,9796.38343740183,57078.6394171645,21694.4379735186,340953.643942106,866372.89377448,21346.9378019834,NA,2958.13981007603,102088.868875957,3691.70503149624,25370.2638987467,104451.757158207,38202.2334641506,32952.9892327272,40785.3420470185,30785.8596708172,189962.803095101,42311.4632687359,2355.23306254436,61083.0385217281,67743.3770862607,61231.4989382603
"19","poverty_rate_bucket",9,0,0,0,0,0,0,0,0,0,0,0,0,0,0,0,0,0,0,0,0,0,0,0,0,0,0,0,0,0,0,0,0,0,0,0,0,0,0,0,0,0,0,0,0,0,0,0,0,0,0,0,0,0,0,0,0,0,0,0,0,0,0,0,0,0,0,0,0,0,0,0,26213.9892724298,22649.0875846625,0,0,0,27789.3897613867,0,0,0,0,9249.88117870722,139900.103393474,4835.86079741876,364501.689889823,8325.20158183966,5110.48876714569,6313.87372252555,14838.4097181691,7088.06846024517,45224.2515703055,1011107.13045287,8963.94023419413,6356.6636696867,NA,NA,17095.9293867164,13998.427638298,NA,50032.1212520627,11195.1681399655,6948.54505136444,155536.652293218,40190.7406999214,NA,18183.6112075758,696271.126918849,138909.718380115,NA,140136.276386649,28521.5728620657,4914231.85673893,160964.017024881,145884.931099803,5799812.90926099,12739.2069196369,3077893.39985423,8213.35394724128,5185.04820881668,14770.3962045773,13354.5772640952,3249.34767818292,10439.6006329253,29780.0570262585,3319.04232178918,4572085.46679317,1855.38974281318,12475.6381706862,26897.8220622803,1724.60185293879,13652.0450659482,1589.84994206064,128844.241555057,95874.4045300656,2461.36477754185,127072.876294555,93027.5646820492,11029.2703059229,3727.55836280297,3191.67288795626,14411.866272095,95238.0952380952,678.824796642276,1597508.45087981,2086290.56073241,20157.7888510216,24659.6494156612,NA,251656.309383185,52223.8486045653,50874.4069016615,9144.01625957826,49404.3814619333,43845.5276421002,63455.5104294196,9962.24309865609,15540.7047115255,47167.2056290467,2482.82052577596,NA,213324.769213381,119878.440694081
"20","poverty_rate_bucket",10,0,0,0,0,0,0,0,0,0,0,0,0,0,0,0,0,0,0,0,0,0,0,0,0,0,0,0,0,0,0,0,0,0,0,0,0,0,0,0,0,0,0,0,0,0,0,0,0,0,0,0,0,0,0,0,0,0,0,0,0,0,0,0,0,0,0,0,0,0,0,0,0,0,0,0,0,26880.6113696031,0,0,0,0,4516.64906331647,102789.133678445,2705.18395898612,421202.675646159,4905.20343980895,42675.356921167,11388.0740921313,54404.9304022996,89157.7758686414,10079.0324128884,11813.7367505661,10082.0680337951,28341.5562714732,NA,NA,28827.1013282967,78636.3538146543,NA,120694.316201454,60376.8874191952,7520.37938529523,153909.856252661,NA,NA,4024.74613874904,11253806.8909026,1185061.66692996,NA,106369.273215712,NA,41307.32468192,533237.971046103,31910.4751022481,495897.574610044,1160.76610562972,4651433.28100471,21808.353561,9177.90310176878,NA,730.576095121705,3952.47626648904,20166.4830890461,18357.7905347559,2024.86942033128,42992.2637934321,143186.314861091,6754.0432988938,39606.4751746326,3419.45848474338,14785.7269503546,2346.52098566213,NA,NA,NA,138277.812696417,63332.8033434789,12544.3521926099,3607.60063270427,2204.8903905491,31498.5288597788,203975.622289329,623.103007393407,206710.27487873,2637528.32136642,24909.301740905,NA,23678.9139271479,NA,127186.079624399,43093.831582006,181311.139642286,60739.9313538839,51166.0349996622,247849.077174658,6301.59430335875,614817.806977572,67375.0378240091,2609.49986531382,NA,301500.90232246,263491.9602711
"21","pop_density_bucket",1,0,0,0,0,0,0,0,0,0,0,0,0,0,0,0,0,0,0,0,0,0,0,0,0,0,0,0,0,0,0,0,0,0,0,0,0,0,0,0,0,0,0,0,0,0,0,0,0,0,0,0,0,0,0,0,0,0,0,0,0,0,0,0,0,0,0,0,0,0,0,0,0,0,0,0,0,0,0,0,0,0,NA,860423.469005487,22065.1656288726,2139524.0322539,61455.6850816103,NA,41409.1736050863,151394.422310757,NA,8499946.3560146,2200844.54378319,59343.2564296649,31927.5806560646,NA,178389398.572885,NA,4048544.05944808,32992411.778291,246903.875686004,206870.361685219,11374.1108301003,NA,987503.15556958,NA,NA,56062942.7184466,403395.744775179,10004874.8169963,651121.777777778,NA,6288927.33564014,219263.899765074,26397.4433008035,1622897.60991443,13651.2559155442,543617.995155831,40675.1067724222,25674.535261139,NA,979027.760829774,NA,362075.939730587,96.9634230503796,11.7322291235335,3695436.50793651,NA,104494.857142857,307.453416149068,17.2532781228433,2.0703933747412,26.2249827467219,NA,578335.027674235,NA,NA,47551.7698806116,NA,6267.0024400603,NA,NA,776871.934736316,2480.8299503834,5091232.70631068,16187778.2274383,24811.3237532319,NA,NA,NA,6437.40836416952,339058.246861446,1977458.18901176,50863.9835487662,46364.4533718,476125.28932591,1283.74288596608,629265.108240749,35894.8247078464,24391.1541119558,103348.571428571,234192.037470726,127232.381593054
"22","pop_density_bucket",2,0,0,0,0,0,0,0,0,0,0,0,0,0,0,0,0,0,0,0,0,0,0,0,0,0,0,0,0,0,0,0,0,0,0,0,0,0,0,0,0,0,0,0,0,0,0,0,0,0,0,0,0,0,0,0,0,0,0,0,0,0,0,0,0,0,0,0,0,0,0,0,0,0,0,0,0,0,0,0,0,0,9249.88117870722,212152.087576375,15858.4964274619,474595.523670739,6132.69391526244,42601.4728549409,20937.6049268746,252955.303903355,NA,313970.168808264,NA,15161.2691987796,13030.5970468388,57183.6152234735,NA,7541.65084988823,5584.80195430944,10691268.316064,114875.672531627,78643.9348015357,4738.14709939737,824541.466445903,299129.281844422,NA,36101.3333333333,13739244.4072257,688558.496377551,679650.719342316,119189.628651386,NA,483639.401496259,334680.294746851,20491.1336814703,262491.565976791,52044.4743690062,2215759.61778147,44512.1129377673,7587.24211542688,NA,383373.189195925,2342.54924290354,14696.7610356374,24300.3293723728,2236.36562153113,76383.7369597615,NA,9304.85532192132,15518.4908877758,1243.09864793551,13867.1228140411,1972.90411806453,139441.472643507,NA,7381.70055452865,NA,81920.1265463122,NA,7123.56983663303,NA,NA,145864.735460855,507.139470675182,852847.068522561,2369986.91053469,14081.8625610214,NA,2958.13981007603,NA,21402.9437913662,111244.663187856,1177178.14471741,40475.670083969,38157.9680482129,281936.189975052,13412.7379636403,410493.689845917,31115.0887573965,9473.36216948882,113730.245053313,59973.6116108912,88460.7136898053
"23","pop_density_bucket",3,0,0,0,0,0,0,0,0,0,0,0,0,0,0,0,0,0,0,0,0,0,0,0,0,0,0,0,0,0,0,0,0,0,0,0,0,0,0,0,0,0,0,0,0,0,0,0,0,0,0,0,0,0,0,0,0,0,0,0,0,0,0,0,0,0,0,0,0,0,0,0,1631.86907351204,0,0,0,0,13274.6997873084,0,0,0,0,9270.24621773954,238816.460943257,6107.33197556008,354468.45498417,12433.3547569944,1123.23339557721,16039.1423658933,65837.6005852231,NA,229402.487987889,7309.51953170323,34119.7114447261,37944.0185495294,NA,NA,6628.37506524731,9608.68170594335,NA,84845.9555551456,306347.211311862,6949.4779386999,199664.855072464,122816.989554409,NA,230947.575738141,NA,643324.445434282,742562.5,157006.41045209,NA,606121.179858884,797385.467894992,1801.60832544939,1279694.65888433,239330.543933054,697966.59066586,22639.1799508346,6459.87027988822,NA,NA,1345.39892939077,41472.2654224987,5388.76394569006,684.601675833933,NA,3921.53018107666,22681.8173746784,16446.4181205612,276.648076823469,11131.1360520035,219.064921717143,NA,90962.0659759235,NA,32689.4924600975,78834.6544676611,NA,3245.29828738044,NA,13548.584080659,81174.4891789262,623.103007393407,813769.143157526,2839675.27478034,6164.66612501042,NA,10616.3367804955,NA,NA,104820.317347753,NA,34607.8927690974,32446.6422146537,217582.331540652,2464282.23019452,2965.2448657188,31896.235325867,4916.26978030419,27057.4754162507,78077.5816662262,56195.1373804136
"24","pop_density_bucket",4,0,0,0,0,0,0,0,0,0,0,0,0,0,0,0,0,0,0,0,0,0,0,0,0,0,0,0,0,0,0,0,0,0,0,0,0,0,0,0,0,0,0,0,0,0,0,0,0,0,0,0,0,0,0,0,0,0,0,0,0,0,0,0,0,0,0,0,0,0,0,0,3736.97481053642,3231.10907200359,0,0,0,12187.2595131226,0,0,0,0,10952.2711069452,132559.462666642,6075.50775223706,254766.588393157,31341.5629666501,3366.08442503639,11544.6488252371,61284.2745816655,NA,275896.284859324,4798.46449136276,9021.21786197564,33800.3755597284,NA,614123.450789793,6612.22846954285,NA,3359763.47601129,85691.0137252802,89554.4610230137,6153.48118136594,231149.948012474,78799.1934881637,NA,76202.3528253593,6076002.55264226,164837.868607095,NA,NA,NA,515469.523136317,315975.733063701,9594.78695624482,493580.214952538,15794.0298507463,10757.50012909,15921.5774031528,6262.72490201585,316479.46104993,NA,1267.81559826789,27012.1641789614,728.725416036309,82.7344931921331,NA,50426.3732824586,6831.85738208418,11714.2590918794,28.1297276853253,35400.1287277408,26.9478063540091,205648.488483685,NA,NA,NA,63515.985834705,9905.68606532429,4415.98930936283,3782.10417094823,77969.955189892,18777.9493533923,367.428826189415,1020023.06321417,297684.018337336,7042.8901159903,NA,NA,NA,101193.777876407,73227.5204359673,309656.266797145,32753.0526285348,33146.013320138,304441.510578352,40120.3091801796,536365.586783952,35251.518286282,4559.70361926475,221026.389575099,38783.3545906911,27314.2017293648
"25","pop_density_bucket",5,0,0,0,0,0,0,0,0,0,0,0,0,0,0,0,0,0,0,0,0,0,0,0,0,0,0,0,0,0,0,0,0,0,0,0,0,0,0,0,0,0,0,0,0,0,0,0,0,0,0,0,0,0,0,0,0,0,0,0,0,0,0,0,0,0,0,0,0,0,0,0,10081.6950677944,9837.96179581981,0,0,0,18872.8673495282,0,0,0,0,4199.49270128169,151369.979388358,3722.04981558809,229659.286320936,13530.1568379093,4039.46104613065,9988.58181963792,89765.8010251254,NA,415162.299656791,1874361.75597382,13526.8620060992,22391.5194729493,NA,NA,8884.63280792659,20751.5411641452,2399543.43822148,58330.6297480499,9114.42446130945,5443.7402458574,141996.654156136,46440.1965835843,NA,220972.380034992,2069365.11878156,843531.362427655,767389.041684572,27352796.762739,NA,94309.7941288874,85243.2993962615,78611.4645445279,182467.954394424,22661.2692435486,NA,8883.13409015628,6468.46921111203,268716.693105272,155848.680168737,1860.13181326159,3781.12923071899,224.848164774228,31.1064166886718,NA,17278.6177105832,10460.3965776027,13215.5423250817,39.2885237304431,40853.7467058515,31.6405908574425,NA,137720.728441051,29979.6138625735,138277.812696417,71501.3579791161,5316.64079332709,3310.2633969119,NA,NA,171331.146432661,166.377075643462,2864919.08036098,558804.902581679,33101.4108079131,NA,51492.4017580564,NA,60823.9606616004,34214.145024803,260933.380446305,29456.6185758926,27803.7333709729,77352.8147829824,171612.394517845,218037.737542751,34975.8883604562,2424.14447901095,59277.7403825918,45153.9984164687,21874.4995425919
"26","pop_density_bucket",6,0,0,0,0,0,0,0,0,0,0,0,0,0,0,0,0,0,0,0,0,0,0,0,0,0,0,0,0,0,0,0,0,0,0,0,0,0,0,0,0,0,0,0,0,0,0,0,0,0,0,0,0,0,0,0,0,0,0,0,0,0,0,0,0,0,0,0,0,0,0,0,8380.46013984391,8641.36399862139,0,0,0,25950.9199366904,0,0,0,0,4392.59233229082,91158.0325807972,3766.07035395809,154429.238991046,6004.9498502019,10584.0213327847,7340.66131794403,7967.2860230404,NA,215870.235490789,1320203.90913893,9975.9729855557,19865.905140303,NA,NA,8939.24752175057,86216.78793371,3464419.47565543,36727.4378433252,27187.0433468919,4502.2045598461,89954.7516644082,19505.2387071266,NA,26667.090754877,3065040.15202599,292065.195521661,140368.687900893,118343.327539111,59792.4348333642,292195.14936297,52151.5105685036,NA,NA,689.034249595766,1994.82144353259,8314.41145159441,6845.8414916268,NA,780122.395965924,1327.6527446218,10963.0592568519,6242.5976586068,633.743562591399,NA,112437.08779044,9159.18220835609,9572.7514686348,407.449431286255,76.1351324731606,327.808082464214,NA,95874.4045300656,26827.8723708685,206338.72565203,62100.744023196,5101.95942959369,2795.27670808669,NA,NA,8071.84363444268,34.4716813284571,281224.241440857,NA,33469.3730773272,NA,1590.28866089618,NA,63942.2615487639,32225.4453446469,250211.115628812,27575.8944853453,26071.7379516187,81043.7459494491,3419.6802598957,166606.731300131,37916.3636363636,2392.84539227709,67839.5210448632,25158.7032033964,23530.5951063099
"27","pop_density_bucket",7,0,0,0,0,0,0,0,0,0,0,0,0,0,0,0,0,0,0,0,0,0,0,0,0,0,0,0,0,0,0,0,0,0,0,0,0,0,0,0,0,0,0,0,0,0,0,0,0,0,0,0,0,0,0,0,0,0,0,0,0,0,0,0,0,0,0,0,0,0,0,0,8330.04525948781,9080.88168230113,0,0,0,27392.1834927852,0,0,0,0,2399.47591250514,40915.4558705976,2393.55053614388,103025.731158434,11528.4406631159,5788.03946006464,5664.93077607011,23090.071964779,NA,43816.8293757867,1012197.62315085,8995.55619523955,18325.4191310984,NA,3282383.32759946,11596.7367524868,22426.9719729376,NA,40710.5867369561,36202.7353177796,4841.04152455638,58041.1879820421,33726.3308324402,NA,14846.6245079934,4424046.10326011,112981.568153134,NA,11795.5586566757,12442.1242677016,19404.6082773971,5973.28745848565,17428.9913842686,NA,44150.4470294664,159287.667550713,5589.02476082661,4686.12689588717,NA,36657.0657801515,1775.35666492235,9369.4643301565,6823.64209355496,936.216263478032,6570680.34632035,15693.4134743648,3891.77168272795,15625.1935952993,480.055187423797,1229.67314687264,486.037779217571,NA,54162.407572117,22516.4369990093,NA,68091.3702088593,7345.18768623327,2866.10729606559,943.422996136782,22947.4258731268,3049.38164836115,172.912633483704,201909.563302552,1413427.56183746,18603.5412694089,2132446.2244371,723.541245613766,NA,42476.4857252987,16917.8374547132,199920.031987205,30550.6709375812,26775.8641708689,50370.0685118782,57225.578705282,87911.9265738009,35973.5087059033,2148.38798135006,59172.5253924775,7255.72270918471,17306.0649502274
"28","pop_density_bucket",8,0,0,0,0,0,0,0,0,0,0,0,0,0,0,0,0,0,0,0,0,0,0,0,0,0,0,0,0,0,0,0,0,0,0,0,0,0,0,0,0,305.714453679573,0,0,0,0,0,0,2258.81478157554,0,0,0,0,0,0,0,24128.9014240751,0,0,0,0,0,0,0,0,0,0,0,0,0,0,0,6410.45317915321,6667.65443033549,0,0,0,26731.7871253821,0,0,0,0,1911.92808237133,48685.5992454462,1456.08577668939,63754.9611296097,7005.67475818827,5261.61948342875,4133.6023628131,31453.7943760616,NA,35965.2457227108,667242.921917413,5029.32094108653,20208.0348279227,177392.177215644,1456454.25566579,10633.6041459661,13407.9160139471,711741.240066761,29766.5939332868,24467.5644564028,5091.95407097506,23597.69046766,13561.8300023115,NA,19503.0157023022,1582319.10797071,NA,210753.487548684,136207.870892902,NA,6228.90755299111,18313.3389406913,70564.9432437534,106843.055343285,15301.4280372889,127895.461903596,3425.17615974061,4399.54429555688,4166.65613209195,22852.8238727155,2675.13198679023,4257.47053032117,13989.7435309565,1540.62920368066,2445897.60617578,59608.7299696091,3818.39879509252,20852.3918140781,1042.11550797408,1727.41548888338,992.919724548188,NA,27135.7981683336,5024.49874458717,NA,75950.4694051164,7323.17465062402,1562.06625105186,1396.93069459477,3268.23537568514,1830.18358388987,54.3787242073962,4844737.97490042,1068861.39539855,24359.7041707892,NA,1313.92461750456,251656.309383185,57737.0297193577,16388.7832393231,103966.73797881,18217.4657534247,16575.1593346806,43311.6463275192,5716.72274594413,14293.318660558,36074.6399299753,1778.59330538336,32773.6385921905,1999.15753957911,4781.44213690395
"29","pop_density_bucket",9,0,0,0,0,0,0,0,0,0,0,0,0,0,0,0,7696.67398471626,0,0,0,0,2054.40344002078,0,0,0,0,0,0,0,0,0,0,0,0,0,0,0,0,836.201527608268,0,0,3674.37848247271,0,13130.3552454965,1605.70542256846,0,0,0,30470.0729830203,960.552801962868,0,1000.21615696168,0,0,0,0,59914.9504282009,0,34.4076263981699,0,0,0,0,0,0,0,0,0,0,0,0,0,8493.25379407952,7303.87894319263,0,0,0,34959.1772071805,637.762880717987,0,0,0,1006.43919798873,12613.9288838745,614.28924197617,13415.5412181587,4466.47907454554,3450.68964497333,4024.90755957272,13908.4180026973,NA,45373.0849453726,12254.0206440303,2055.55761111317,14429.060360921,67298.3481285999,42554.7673742224,11163.2435220542,7435.1996398092,1096140.40077263,36140.4174407857,11745.8204455581,4853.07345164068,9782.9292154701,3590.40579738077,2957733.98140571,23377.769289534,975647.830159226,66977.5659244135,86041.1049329774,63060.9765929229,59586.8644067797,23298.5872082748,18794.1719099123,11588.792141403,58908.3325507872,8905.38233469956,68847.1743395254,1016.89202930973,3198.57009421667,6885.84302684708,23126.6453644567,3815.19679936167,3387.51908541172,29834.8389177083,3568.64419374321,672987.967872452,7301.4737491509,923.804594399865,30824.3651026392,2064.93779446575,10190.0355571776,1989.26257141374,54237.4068879336,206055.243031414,3996.16368286445,12711.7682220928,81787.6213865825,6561.47337303335,1127.05528882207,1160.86037027832,7187.56301242177,4915.10212227683,12.797151182962,137434.758274696,426403.875537447,25537.8013195614,739433.495351428,1000.34990421185,NA,27057.5032420237,6009.27042112303,38600.0860758915,16855.2037629446,13556.0145538452,48013.6212364434,11857.2764100966,8498.91516199022,36511.7424385099,1354.00446821475,14868.632902347,913.411422618165,982.774714441396
"30","pop_density_bucket",10,0,0,0,0,0,0,0,0,0,0,0,0,0,0,0,13510.0955365498,0,0,0,0,6850.21417028787,0,0,0,0,0,0,0,0,0,0,0,0,0,0,0,0,2044.18363260402,0,0,3878.16170378673,0,29834.3124965653,3591.75828058064,0,0,0,43226.3889783043,2200.93958535951,6946.03683540287,2404.27165184828,0,0,0,0,115180.128619342,5651.08380417787,445.050194533839,444.994486118349,0,0,0,0,0,0,0,0,0,0,0,0,6124.46290729043,4516.48564869578,0,0,0,58695.6939390512,690.49090450856,0,0,0,472.84000347419,4895.04074363476,149.689064993671,34067.5702168259,3900.83637394328,610.316085607003,6082.74386066798,14838.4097181691,19529.546052455,15567.2928372208,16968.3194694567,926.123155857266,8197.76377262621,46375.4824502399,NA,15699.5218376957,3833.61544632083,248979.855510934,26565.919567883,1280.86625403978,10846.4973025265,5888.16262752279,4758.93547331672,NA,3765.01078801423,198095.414579107,3447.81496984356,26011.5452722004,42384.4758265939,15562.0982738646,NA,20968.8770401258,1441.25930080765,NA,7040.35119901017,44953.7152247509,438.213191969931,4169.06943442544,6721.95225679999,5686.33662101504,4218.37169083411,5364.91228786484,34106.1004107862,4015.75528549662,501792.679419088,1478.69550976104,380.238008310737,45500.3478180216,2292.97157010664,19912.5230444725,2619.53584485773,80989.1736531739,20853.5049109689,1559.01444578577,11196.9959001331,138032.639806844,7228.9096150876,1299.50307528345,1256.42773006467,5963.28579967904,346.747413484478,NA,55532.0250014973,776661.907123185,13070.8787877063,120266.217662715,190.69772039128,110927.052469929,8100.34988154328,3039.56815179249,22022.8859931246,19045.9096696222,14870.3000116967,21100.7794679575,5889.20443391658,NA,71822.6695279454,1626.3087973342,5885.49830109989,334.87006653994,917.464959628995
"31","med_hh_income_bucket",1,0,0,0,0,0,0,0,0,0,0,0,0,0,0,0,0,0,0,0,0,0,0,0,0,0,0,0,0,0,0,0,0,0,0,0,0,0,0,0,0,0,0,0,0,0,0,0,0,0,0,0,0,0,0,0,0,0,0,0,0,0,0,0,0,0,0,0,0,0,0,0,0,0,0,0,0,23577.5254645687,0,0,0,0,6893.44764052801,559995.987158909,3388.57757053084,488104.030096041,NA,42675.356921167,10865.2555333432,91112.4688214756,NA,28162.1373958363,1012197.62315085,15074.5078790113,50194.075587334,NA,NA,31696.393182719,NA,NA,151906.646433896,47725.5372531908,6778.31593155743,198667.584613535,NA,NA,40113.5494820542,33658374.8046746,1114384.66172716,NA,424861.47364943,NA,583542.715381146,334680.294746851,NA,16336688.0638259,13651.2559155442,NA,33996.9282752265,9867.09851449974,NA,NA,571.662213925345,21046.6174100484,283.071033602722,35.6535212979279,NA,NA,7009.61589337518,40765.2661265266,3696.81298857486,14530.4645718188,2609.91403064036,NA,NA,NA,138277.812696417,56764.099097446,15309.6167187265,4063.32872574617,2333.43854056528,52655.271552792,189425.649646284,623.103007393407,3159230.40355351,NA,24961.9216248364,NA,23678.9139271479,NA,208436.54260908,63811.8882075771,353294.69450719,64015.6603038566,56776.8868122162,270292.786049625,NA,1227596.36631476,73636.7694791654,2609.49986531382,NA,306236.750710387,123282.07813424
"32","med_hh_income_bucket",2,0,0,0,0,0,0,0,0,0,0,0,0,0,0,0,0,0,0,0,0,0,0,0,0,0,0,0,0,0,0,0,0,0,0,0,0,0,0,0,0,0,0,0,0,0,0,0,0,0,0,0,0,0,0,0,0,0,0,0,0,0,0,0,0,0,0,0,0,0,0,0,24966.0516709335,21977.8353318556,0,0,0,19990.2035060207,0,0,0,0,9938.38203140529,107663.414501926,5392.94663782155,360507.914103028,4905.20343980895,NA,9475.3600921836,54404.9304022996,89157.7758686414,35330.1118460963,4071846.38597797,15431.9560419207,19110.9989953031,NA,NA,19596.3565829775,12887.0656968216,NA,67262.7348021929,14734.106357457,4857.69849692924,126168.888276728,90364.9685174585,NA,6812.35916134739,NA,675547.023985674,9418324.36708861,144508.197269574,NA,2609745.74002428,269090.474197213,NA,329840.575938222,1160.76610562972,4651433.28100471,16997.0039179534,5608.01886259212,NA,730.576095121705,1579.13537805604,23320.7386395488,17096.0006870826,2086.13153650231,42992.2637934321,NA,26344.3084103187,22229.4521730125,833.632469108004,1766.9333002625,936.283032125629,NA,95874.4045300656,NA,NA,81770.1432933991,10754.1283957346,3745.47227917399,1981.9068648598,10341.7861667657,32120.4942336212,756.549971767363,53056.5767949105,426403.875537447,9549.24473914442,NA,NA,NA,60823.9606616004,55238.9339751077,104623.808382293,55586.2529667559,48264.7101215928,91118.7577854244,6301.59430335875,13315.6580691006,44620.6912617658,3330.51905880002,39339.8969662278,114258.402271132,67539.901719038
"33","med_hh_income_bucket",3,0,0,0,0,0,0,0,0,0,0,0,0,0,0,0,0,0,0,0,0,0,0,0,0,0,0,0,0,0,0,0,0,0,0,0,0,0,0,0,0,0,0,0,0,0,0,0,0,0,0,0,0,0,0,0,0,0,0,0,0,0,0,0,0,0,0,0,0,0,0,0,13249.547439039,12651.0476011293,0,0,0,21745.1661118171,0,0,0,0,2972.18659074555,37616.0737111466,8501.89633375474,294280.27018012,22810.2007136265,NA,7885.24887816772,14838.4097181691,NA,26469.6161089861,9632.75135460566,8405.38821476519,20008.101759818,NA,NA,13995.334941974,146761.557401147,8878629.14853946,56969.6507970009,2166.13972176287,4271.31936020762,101864.533133321,170942.921485771,NA,52862.9544264148,1530796.4199867,292065.195521661,NA,63004.5387653812,NA,41307.32468192,391761.933768967,685884.216397065,2648440.83724904,2817.14459572526,1014677.47734185,9133.67127917066,6424.94620594211,108.943995541934,13354.5772640952,2815.42574433154,5227.43947175349,25168.3362581652,3169.79867407624,3695436.50793651,107194.857860724,9672.22582662275,21197.9547282546,1876.22911136709,6234.19021394426,1200.07781204069,128844.241555057,59597.8458135467,5545.65149203547,NA,86692.7994671665,14152.626588183,2431.31491690975,2347.04330130187,25808.0361457373,184757.094214885,207.151928813524,350409.652833559,1038098.20409011,32049.3440393944,NA,10616.3367804955,NA,25121.5912389168,42187.9776553128,NA,37039.2727272727,34026.9417979978,76277.5811305854,50346.1296412838,410493.689845917,38797.0580404686,3340.26845637584,21910.1564214747,44021.8348300757,77255.8981809253
"34","med_hh_income_bucket",4,0,0,0,0,0,0,0,0,0,0,0,0,0,0,0,0,0,0,0,0,0,0,0,0,0,0,0,0,0,0,0,0,0,0,0,0,0,0,0,0,0,0,0,0,0,0,0,0,0,0,0,0,0,0,0,0,0,0,0,0,0,0,0,0,0,0,0,0,0,0,0,16053.1446512697,13733.7883779062,0,0,0,26074.7330827231,0,0,0,0,1665.88718134984,360935.718747977,2919.90246286739,341059.083153225,7810.58823462302,5369.08633490826,9936.61744912893,10738.1726698165,7088.06846024517,154586.263898364,524014.759114612,10708.013877586,9526.87336260442,NA,418272.188838005,15853.1273856641,13998.427638298,1096140.40077263,65832.5106201026,46396.5108016114,5439.86897519888,58041.1879820421,40190.7406999214,NA,17148.9221468589,2258717.69277171,179997.226182266,NA,94720.6523139208,28521.5728620657,3597955.03602414,231419.311200162,80196.0208153632,8171914.92395218,25092.1539224413,159287.667550713,5315.86016015995,4948.15514986094,7585.41468579993,NA,3513.65991455388,7531.17170336735,31378.8339615884,4063.30833587987,NA,434.037196987782,21794.1232036099,23295.4569863602,2066.1282003788,1118.03005448356,1608.46350232345,100269.928316296,21939.5339114323,15340.4282989423,NA,76820.4178266874,8462.47950777504,3189.30533645216,2344.77506391775,6409.00335556108,37999.5733019743,1579.82737351284,769617.90861273,1450943.939301,6484.52360366592,24659.6494156612,51755.5907697942,NA,34296.6108089199,39689.5197772567,182450.059212557,36995.7514604355,33195.706597238,46477.148348086,66224.4753310916,7353.43154411531,41429.843567704,2353.6308085832,38663.0831093876,65628.9947299961,54650.0511887157
"35","med_hh_income_bucket",5,0,0,0,0,0,0,0,0,0,0,0,0,0,0,0,0,0,0,0,0,0,0,0,0,0,0,0,0,0,0,0,0,0,0,0,0,0,0,0,0,0,0,0,0,0,0,0,0,0,0,0,0,0,0,0,0,0,0,0,0,0,0,0,0,0,0,0,0,0,0,0,12315.028872492,11264.3803645102,0,0,0,21064.418654014,0,0,0,0,964.240106374178,62282.5137785413,2444.60659687487,261761.593129036,6004.9498502019,5068.16139755907,10807.9290457035,17853.6616073008,6443.94772347409,18306.8327532515,106740.91664955,8838.66053770912,22391.5194729493,8533.62326163182,6687.66888421291,13736.8650588134,3185.43132135413,2931981.45693846,45401.2088710174,8984.96814828791,6025.19482484679,74062.663415494,62375.2931448169,NA,3674.62734844605,NA,124172.540504426,10591425.2669039,NA,38095.3014522699,553004.063157286,501908.884888898,12271.3261969662,740840.517241379,NA,67996.3735267452,2688.97992755572,3557.55470718308,53961.9692787459,NA,3201.51393834678,28473.4766706002,26156.7521439558,3258.74600526033,7996180.40293953,17278.6177105832,2367.17785464304,21673.1767964768,1702.28791882764,2068.65959736753,1343.45784448637,141061.028935438,392195.135352824,12458.7675851368,206338.72565203,75615.5523255814,7955.83841603313,1874.55950027277,2297.76529015542,11118.0806758748,10135.7862089476,8439.16455262653,479736.091913552,2839675.27478034,23398.6430266723,NA,1030.94092268628,NA,25742.0485551081,31185.1909407605,225062.707057191,26957.8559943004,26693.0578216624,53726.0602996018,5889.20443391658,4545.55373205879,35181.6114390448,2258.55448208043,47247.7481692529,22517.1556439582,35468.8527957108
"36","med_hh_income_bucket",6,0,0,0,0,0,0,0,0,0,0,0,0,0,0,0,0,0,0,0,0,0,0,0,0,0,0,0,0,0,0,0,0,0,0,0,0,0,0,0,0,0,0,0,0,0,0,0,0,0,0,0,0,0,0,0,0,0,0,0,0,0,0,0,0,0,0,0,0,0,0,0,2668.24704577422,1914.79733116726,0,0,0,20227.607470651,0,0,0,0,1178.13904102427,149354.043760735,3388.14347306784,271232.262710371,6063.75834957169,5788.03946006464,6732.86180631121,20352.1947297992,NA,41492.9004664479,18971.6727813269,4790.9230783511,26883.9943839944,4509.98843848594,42554.7673742224,12810.9610691635,25201.7446295841,1644941.58234489,33322.3642485727,8343.33017837126,6207.20307170355,29624.2300543062,65744.4229777054,2957733.98140571,17963.2797326208,NA,509996.424164589,679650.719342316,11795.5586566757,59792.4348333642,134290.15485333,20176.8408339878,44576.9517334104,886367.66530757,15746.2799376447,6376.1607863113,4534.24979358632,4435.40103170743,6885.84302684708,255130.753897625,3522.09626255009,12815.1757088987,26730.4972875404,3201.47409029721,1147990.53064682,269734.123451691,11609.2177351705,25969.744470351,2004.12491279285,4998.58633137979,1746.97030199287,8833.76553486048,NA,3571.32653352761,NA,86026.8429378668,7482.77192080226,1838.84786402311,1247.77880100651,6241.09758790123,20631.6726250336,13307.5141802394,530097.077959137,428244.460459507,20167.2707916867,1003443.69585797,311.142253879248,117683.748462756,8862.78478321933,39392.5172042046,181380.236823846,29484.9066197252,28756.793982571,50282.8409805154,22927.6172630307,4063.36881484975,36118.8364541085,2249.01364739445,13498.4241948388,83314.0626793709,31433.6914924934
"37","med_hh_income_bucket",7,0,0,0,0,0,0,0,0,0,0,0,0,0,0,0,0,0,0,0,0,0,0,0,0,0,0,0,0,0,0,0,0,0,0,0,0,0,0,0,0,0,0,0,0,0,0,0,0,0,0,0,0,0,0,0,0,0,0,0,0,0,0,0,0,0,0,0,0,0,0,0,4435.51877497965,3770.72429876946,0,0,0,20198.5816550772,0,0,0,0,852.78678802271,41736.426961704,3738.56381228197,156514.868427138,14169.8145444125,7084.71028105731,11838.8586701679,22440.9543965282,NA,229402.487987889,262574.267633356,4199.49270128169,15432.721404075,83996.571704637,109606.844924482,12642.4620359738,8115.63146389289,12503907.4835886,32517.1610040389,12435.9571495109,6348.92195267299,22601.8122311668,40819.394850592,NA,3514.58177421115,727478.32154297,1621658.23887857,742562.5,62938.0963683278,17273.6196184449,55782.7151678781,110391.521931116,5141.35536930741,691336.114721578,14596.7335371914,228241.268739312,10542.3564093427,4736.25424251774,268716.693105272,281353.309418302,3548.25273927621,7854.51762482725,28749.3362430026,3654.68293234446,5898156.62224064,4231.47176797285,5061.34902025313,30094.608959757,2174.27707319808,1934.25116070616,1837.97200114999,150314.335377853,7943.22068179311,1838.70849115581,12711.7682220928,88319.6070055532,7018.93960228265,1989.94453449729,1423.6607114157,4974.69127587118,71345.4833557434,34.4716813284571,196589.289082961,NA,17538.8526000703,141968.210092495,1556.18785566881,4728217.00920398,14139.8158331008,55550.4784616549,24790.9926832945,19688.1292833573,20114.4996744085,77332.9928783385,6214.41814057704,245095.636317291,36176.9531582079,2598.69857175527,40758.861386563,84816.577314451,15553.9368027736
"38","med_hh_income_bucket",8,0,0,0,0,0,0,0,0,0,0,0,0,0,0,0,0,0,0,0,0,0,0,0,0,0,0,0,0,0,0,0,0,0,0,0,0,0,0,0,0,0,0,0,0,0,0,0,0,0,0,0,0,0,0,0,0,0,0,0,0,0,0,0,0,0,0,0,0,0,0,0,3963.03034217251,3807.13513041429,0,0,0,18788.3753863291,0,0,0,0,749.141041776499,51090.1445396026,2137.72592418798,189382.727725236,6167.76978062649,2482.28739397201,10290.9533164936,12695.2852249731,23309.6406703984,57254.1021551505,637908.408867965,1985.28863260569,21550.6729049322,7636.73334280707,2803301.6664071,12315.2455728067,22426.9719729376,NA,18454.4944870118,1501.20711737333,6717.81517327324,23395.4387516004,3884008.19968104,NA,23377.769289534,975647.830159226,166676.299110833,122133.605315075,19492.1999215003,15562.0982738646,9859385.43804908,254379.922364624,17428.9913842686,924968.305674467,10607.1850129139,417989.813794828,3219.12024538007,3858.98850221768,4166.65613209195,5375633.16582915,3400.05329852394,5027.52385070302,24302.6243311968,2525.13811812847,3621834.1570964,34350.6896073101,4311.01355182882,30618.6254320346,1690.1491880269,4779.93119733524,1683.72525365538,84141.3118713385,72562.2367740202,5024.49874458717,32689.4924600975,75863.0620983128,7163.42618502818,1393.60929557008,1287.0316108743,7736.97696023491,574451.590594744,172.912633483704,189997.102848754,8023083.98763332,14611.9414914219,NA,574.08796558534,NA,33738.7418201531,55726.6414141414,9926.83572288756,17451.7689749017,16934.0315460062,40327.1087941202,12453.3901482885,189962.803095101,33684.890031622,2392.84539227709,63036.302533422,25151.8589311481,6237.31642189586
"39","med_hh_income_bucket",9,0,0,0,0,0,0,0,0,0,0,0,0,0,0,0,0,0,0,0,0,99.4124559341951,0,0,0,0,0,0,0,0,0,0,0,0,0,0,0,0,0,0,0,15.8660892397594,0,0,0,0,0,0,116.07718197783,0,0,0,0,0,0,0,0,0,0,0,0,0,0,0,0,0,0,0,0,0,0,0,0,0,0,0,0,14327.987728056,0,0,0,0,640.256402454187,115304.975816604,1443.62917693762,180991.517822822,2823.61669709129,4039.46104613065,9478.27956308147,25534.9509641322,35802.1842272692,19231.5588005954,919.51866221635,2363.6671794245,15576.0037131585,136752.373073083,89256187.1118549,11671.697375727,7435.1996398092,1997995.24885904,33201.6173984194,17818.6617071392,5748.63511831626,9454.0178304314,9698.39135078086,NA,12872.6633887754,339118.144026129,6329.93589851977,95187.4404329816,118343.327539111,9147.49047746241,348669.515610812,52151.5105685036,5356.87284079832,339673.645161278,6775.21165004726,9753.25563673154,575.692900030965,2696.9515365905,1032245.73636898,54570.7799826557,3378.83886324167,4910.61953118845,27399.7898234975,3285.95195266488,269931.492680721,7301.4737491509,5095.06205439662,27314.7918033264,1920.56692242114,8826.52239195471,1866.03391999512,31450.4205838372,NA,290.162504543461,152299.914240969,81905.42762282,6749.21004982307,1258.6576529712,1184.98349749146,6167.06028822422,34844.7429488147,23.4422316434501,144927.309593964,3551496.70218163,13079.6893618266,750516.355252414,215.538731298614,NA,38029.791249352,23658.8147159276,43968.4503074294,12377.9116078358,12314.5113756926,30323.4646017669,7077.58821880244,259429.407209843,30398.8763025043,2161.11366122572,17519.1098742078,6850.90691367404,18088.4965831435
"40","med_hh_income_bucket",10,0,0,0,0,0,0,0,0,0,0,0,0,0,0,0,0,0,0,0,0,3015.76551693106,0,0,0,0,0,0,0,0,0,0,0,0,0,0,0,0,9.24480758669567,0,0,3281.26305487203,0,22363.1622331055,2516.82975586466,0,0,0,38863.2310172216,1439.77270530791,1240.53259998466,1794.76600910911,0,0,0,0,33021.111574627,0,0,0,0,0,0,0,0,0,0,0,0,0,0,0,21.0832696173595,14.3063300332762,0,0,0,24091.5831154573,971.236483608653,0,0,0,609.103029778183,60752.4082380956,663.330145807683,90425.7355137755,3286.95440665543,950.837958098085,6042.70079540697,21204.7967958377,18694.6531539383,41894.2806834613,4798.46449136276,1762.56579129648,25728.6475774067,52446.3147661973,6342345.7283127,11026.7030464774,4180.38967533574,711741.240066761,24441.1234449491,4010.98679806109,7661.49756290776,36165.1485714766,14152.587291243,NA,8805.2899861408,51964.8156626112,82715.620342772,167587.954376175,74143.8921383259,23832.6801413591,43943.7979361553,49447.6612034932,1712.83295463293,293017.516512751,15624.0043800234,108640.993537827,830.039204144812,3879.8628260073,36102.9166059274,9087.95771298972,4063.2120804143,5476.22826711542,33180.3534575017,3829.52934298381,568295.331837546,1127.87078000626,1077.4710652215,53110.0803471133,2092.14938073251,22392.2498196434,2869.25428457878,82160.8501618085,24963.7401674068,2019.22408310367,9681.87050688785,111385.107967526,5353.55599887403,1142.89842128766,883.218853418298,4923.03728585016,665942.464320406,NA,104231.572016901,1413427.56183746,24719.152669619,109821.722736757,238.362314098284,95166.7278668632,13590.2063536933,9062.48810132665,45649.6647308074,8794.36768548652,8083.93585632738,33499.9270004735,5995.14572084637,1214061.2852522,33943.9139369032,2110.88409244801,27128.8428685281,14237.657936904,5149.24245208341
"41","med_hh_income_bucket",NA,0,0,0,0,0,0,0,0,0,0,0,0,0,0,0,0,0,0,0,0,0,0,0,0,0,0,0,0,0,0,0,0,0,0,0,0,0,0,0,0,0,0,0,0,0,0,0,0,0,0,0,0,0,0,0,0,0,0,0,0,0,0,0,0,0,0,0,0,0,0,0,0,0,0,0,0,0,0,0,0,0,NA,NA,NA,NA,NA,NA,NA,NA,NA,NA,NA,NA,NA,NA,NA,NA,NA,NA,NA,NA,NA,NA,NA,NA,NA,NA,NA,NA,NA,NA,NA,NA,NA,NA,NA,NA,NA,NA,NA,NA,NA,NA,NA,NA,NA,NA,NA,NA,NA,NA,NA,NA,NA,NA,NA,NA,NA,NA,NA,NA,NA,NA,NA,NA,NA,NA,NA,NA,NA,NA,NA,NA,NA,NA,NA,NA,NA,NA,NA,NA,NA
