"","program","percent_poc_concentration","poverty_rate_concentration","med_hh_income_concentration","pop_density_concentration","access_to_car_concentration","age_over_64_concentration","age_under_18_concentration","airports_primary_concentration","annual_vehicle_mi_per_hh_concentration","avg_hh_person_trips_concentration","bridges_concentration","bridges_poor_condition_concentration","broadband_speed_concentration","capacity_environment_concentration","capacity_housing_concentration","capacity_transport_concentration","cnw_500_concentration","commute_time_concentration","contaminated_sites_concentration","diesel_pm_concentration","docks_concentration","employment_access_index_concentration","energy_cost_hh_concentration","freq_bus_use_concentration","freq_fatal_accidents_concentration","freq_train_use_concentration","ghg_per_acre_concentration","green_commute_concentration","grid_disturbances_concentration","hh_int_access_concentration","highway_miles_concentration","homelessness_concentration","housing_cost_burden_concentration","housing_units_concentration","hud_202_concentration","hud_hcv_concentration","hud_pbs8_concentration","hud_ph_concentration","incomplete_kitchen_concentration","incomplete_plumbing_concentration","intercity_km_concentration","overcrowded_housing_concentration","ozone_concentration","permits_concentration","pm25_concentration","power_generation_concentration","pub_transit_commute_concentration","pub_transit_stops_concentration","rail_transit_km_concentration","rr_freight_route_miles_concentration","rr_incident_killed_concentration","rr_incident_number_concentration","rr_pax_route_miles_concentration","stations_elevated_concentration","stations_subway_concentration","superfund_site_concentration","transport_costs_concentration","transport_trade_jobs_concentration","vacancy_rate_concentration","water_system_violations_concentration"
"1","acp_outreach",0.357719854169186,0.287166792681364,-0.0697969222427326,0.0192294611700801,NA,NA,NA,NA,NA,NA,NA,NA,0.356263286283198,NA,-0.0764935118745466,NA,NA,NA,NA,NA,NA,NA,NA,NA,NA,NA,NA,NA,NA,0.0583448927459207,NA,NA,-0.264888437799029,-0.0798187353212458,NA,NA,NA,NA,NA,NA,NA,NA,NA,NA,NA,NA,NA,NA,NA,NA,NA,NA,NA,NA,NA,NA,NA,NA,NA,NA
"2","ag_acep",0.807223463342196,0.4659538577449,-0.197158774641903,-0.419197205187602,NA,NA,NA,NA,NA,NA,NA,NA,NA,-0.151741201088248,NA,NA,0.374384228930473,NA,0.600523598550298,-0.361351445519223,NA,NA,NA,NA,NA,NA,-0.949555854365551,NA,NA,NA,NA,NA,NA,NA,NA,NA,NA,NA,NA,NA,NA,NA,0.67584085073444,NA,0.775746411332818,NA,NA,NA,NA,NA,NA,NA,NA,NA,NA,NA,NA,NA,NA,0.0786005665679606
"3","ag_csp",-0.705501926677133,0.477092544709522,0.522527293399305,-0.843680237263973,NA,NA,NA,NA,NA,NA,NA,NA,NA,-0.445549979488839,NA,NA,0.351706754422128,NA,1.13462405986963,-0.56664219604704,NA,NA,NA,NA,NA,NA,-0.818541667578799,NA,NA,NA,NA,NA,NA,NA,NA,NA,NA,NA,NA,NA,NA,NA,-0.751511885016385,NA,0.169685674323171,NA,NA,NA,NA,NA,NA,NA,NA,NA,NA,NA,NA,NA,NA,0.622757513058994
"4","ag_eqip",-0.17923778802957,0.47118973141176,0.289580406287632,-0.545820035846902,NA,NA,NA,NA,NA,NA,NA,NA,NA,-0.305541656324485,NA,NA,0.260801144847965,NA,0.737926132775933,-0.534308240051795,NA,NA,NA,NA,NA,NA,-0.575910765798724,NA,NA,NA,NA,NA,NA,NA,NA,NA,NA,NA,NA,NA,NA,NA,-0.328443674424484,NA,0.167672070165061,NA,NA,NA,NA,NA,NA,NA,NA,NA,NA,NA,NA,NA,NA,0.490195593999148
"5","ag_rcpp",-0.365737738576788,0.0280939057965617,-0.0195721590974692,-0.709042198017,NA,NA,NA,NA,NA,NA,NA,NA,NA,-0.319242701308102,NA,NA,-0.0051671183653007,NA,0.753740139777135,-0.299064533005846,NA,NA,NA,NA,NA,NA,-0.691952208582579,NA,NA,NA,NA,NA,NA,NA,NA,NA,NA,NA,NA,NA,NA,NA,-0.246900619927319,NA,-0.0416375605141747,NA,NA,NA,NA,NA,NA,NA,NA,NA,NA,NA,NA,NA,NA,0.623366135365313
"6","ag_reap",-0.475477249468451,-0.411855246649563,-0.362065759969734,-0.415409014045823,NA,NA,NA,NA,NA,NA,NA,NA,NA,0.701002423475027,NA,NA,NA,NA,NA,0.488827121885732,NA,NA,0.0229793009225823,NA,NA,NA,0.442307130945844,NA,-0.0612110469179818,NA,NA,NA,NA,NA,NA,NA,NA,NA,NA,NA,NA,NA,-0.363041695207987,NA,0.608123991737973,-0.468047768755327,NA,NA,NA,NA,NA,NA,NA,NA,NA,NA,NA,NA,NA,NA
"7","ag_reconnect",-0.196073290460267,0.447206327633313,0.484403615774971,-0.989639446131707,NA,NA,NA,NA,NA,NA,NA,NA,1.02062486162201,NA,NA,NA,NA,NA,NA,NA,NA,NA,NA,NA,NA,NA,NA,NA,NA,0.71686380955348,NA,NA,NA,NA,NA,NA,NA,NA,NA,NA,NA,NA,NA,NA,NA,NA,NA,NA,NA,NA,NA,NA,NA,NA,NA,NA,NA,NA,NA,NA
"8","ag_urban_forest",0.0286358365048975,-0.231558081801129,-0.224627131666644,0.0128948396287478,NA,NA,NA,NA,NA,NA,NA,NA,NA,0.0378427161446817,NA,NA,NA,NA,NA,0.221428987988628,NA,NA,NA,NA,NA,NA,0.143589459667317,NA,NA,NA,NA,NA,NA,NA,NA,NA,NA,NA,NA,NA,NA,NA,-0.129034064032909,NA,-0.375822683470769,NA,NA,NA,NA,NA,NA,NA,NA,NA,NA,NA,NA,NA,NA,NA
"9","airport_infrastructure_comp",-0.0126605697877981,0.669288281619374,0.411377620644174,-0.392151478893943,NA,NA,NA,1.00196532320108,NA,NA,NA,NA,NA,NA,NA,-0.148961037938837,NA,NA,NA,NA,NA,NA,NA,NA,NA,NA,NA,NA,NA,NA,NA,NA,NA,NA,NA,NA,NA,NA,NA,NA,NA,NA,NA,NA,NA,NA,NA,NA,NA,NA,NA,NA,NA,NA,NA,NA,NA,NA,NA,NA
"10","airport_infrastructure_formula",0.131211519074798,0.0360591478036028,-0.0698760068667941,-0.385225507679623,NA,NA,NA,0.647612204837283,NA,NA,NA,NA,NA,NA,NA,NA,NA,NA,NA,NA,NA,NA,NA,NA,NA,NA,NA,NA,NA,NA,NA,NA,NA,NA,NA,NA,NA,NA,NA,NA,NA,NA,NA,NA,NA,NA,NA,NA,NA,NA,NA,NA,NA,NA,NA,NA,NA,NA,NA,NA
"11","airport_terminal",0.0371308961643921,-0.164131880449314,-0.16383939329766,-0.0948684473023205,NA,NA,NA,0.25909468910647,NA,NA,NA,NA,NA,NA,NA,0.0722659349344918,NA,NA,NA,NA,NA,NA,NA,NA,NA,NA,NA,NA,NA,NA,NA,NA,NA,NA,NA,NA,NA,NA,NA,NA,NA,NA,NA,NA,NA,NA,NA,NA,NA,NA,NA,NA,NA,NA,NA,NA,NA,NA,NA,NA
"12","asap",-0.95955936273658,-1,-0.958840928636697,1.70724727597446,NA,NA,NA,NA,NA,-0.673367546267239,NA,NA,NA,NA,NA,-0.966300832078861,NA,NA,NA,NA,NA,NA,NA,NA,NA,NA,NA,1.58248748120044,NA,NA,NA,NA,NA,NA,NA,NA,NA,NA,NA,NA,NA,NA,NA,NA,NA,NA,1.69205878589532,0.709438935197393,NA,NA,NA,NA,NA,1.9371264990168,1.84958675193494,NA,-1,NA,NA,NA
"13","bric",0.274393595313558,-0.731567033968334,-0.348674705153454,0.281277088534859,NA,NA,NA,NA,NA,NA,NA,NA,NA,NA,NA,NA,NA,NA,NA,NA,NA,NA,NA,NA,NA,NA,NA,NA,-0.161140986598711,NA,NA,NA,NA,NA,NA,NA,NA,NA,NA,NA,NA,NA,NA,NA,NA,NA,NA,NA,NA,NA,NA,NA,NA,NA,NA,NA,NA,NA,NA,NA
"14","bridge",-0.713881793736014,0.693260627909479,0.711713108367959,-0.150980369627519,NA,NA,NA,NA,NA,-0.692312497348392,0.481111568078256,-0.0816817358544186,NA,NA,NA,-0.128942774041515,NA,NA,NA,NA,NA,NA,NA,NA,NA,NA,NA,NA,NA,NA,NA,NA,NA,NA,NA,NA,NA,NA,NA,NA,NA,NA,NA,NA,NA,NA,NA,NA,NA,NA,NA,NA,NA,NA,NA,NA,NA,NA,NA,NA
"15","brownfield",-0.565960599915255,-0.198333485316077,-0.127804329083022,-0.148195913272033,NA,NA,NA,NA,NA,NA,NA,NA,NA,0.354347487904707,NA,NA,-0.191467680932284,NA,0.99407184912072,NA,NA,NA,NA,NA,NA,NA,NA,NA,NA,NA,NA,NA,NA,NA,NA,NA,NA,NA,NA,NA,NA,NA,NA,NA,NA,NA,NA,NA,NA,NA,NA,NA,NA,NA,NA,0.670690275757895,NA,NA,NA,0.94328063785846
"16","buses",-0.202330736405353,-0.395529744794258,-0.145671593398502,-0.0503153912494922,NA,NA,NA,NA,0.122075281164648,0.210553244356277,NA,NA,NA,NA,NA,-0.389234293406889,NA,NA,NA,NA,NA,NA,NA,NA,NA,NA,NA,0.213646339288748,NA,NA,NA,NA,NA,NA,NA,NA,NA,NA,NA,NA,NA,NA,NA,NA,NA,NA,0.195182365770344,0.24239251675811,NA,NA,NA,NA,NA,NA,NA,NA,-0.0743107236342391,NA,NA,NA
"17","capital_investment",0.690743190453484,-0.82816971137873,-0.914922899690759,-0.384405519018324,-0.243078355676312,NA,NA,NA,-0.721876788629073,0.744141845411824,NA,NA,NA,NA,NA,-0.627256351067467,NA,0.886920545876586,NA,NA,NA,-0.753154451370842,NA,1.27191011919177,NA,0.73390210348658,NA,0.938204052110019,NA,NA,-0.511239646104033,NA,NA,NA,NA,NA,NA,NA,NA,NA,NA,NA,NA,NA,NA,NA,1.02043931880563,1.05075770520678,NA,NA,NA,NA,NA,NA,NA,NA,-0.663165289181088,NA,NA,NA
"18","carbon_capture_dem",1.2642529509708,0.252308742077746,-0.895957337751621,-0.980292052831452,NA,NA,NA,NA,NA,NA,NA,NA,NA,-0.944519379983994,NA,NA,NA,NA,NA,-0.980037024718522,NA,0.593547875403306,-0.9195194942207,NA,NA,NA,0.14460812780055,NA,NA,NA,NA,NA,NA,NA,NA,NA,NA,NA,NA,NA,NA,NA,1.09964493522868,NA,0.211284281570324,0.134180797466729,NA,NA,NA,NA,NA,NA,NA,NA,NA,NA,NA,NA,NA,NA
"19","cdbg_entitlement",-0.0560962870082043,-0.102753214003354,-0.0824481741517633,0.212629266311994,NA,NA,NA,NA,NA,NA,NA,NA,NA,NA,-0.0206695203770486,NA,NA,NA,NA,NA,NA,NA,NA,NA,NA,NA,NA,NA,NA,NA,NA,0.133392160452073,0.0823031602801605,-0.0900296064993076,NA,NA,NA,0.338248779060392,0.10871006052818,0.0910706595433108,NA,0.0671506339915506,NA,0.368900666329238,NA,NA,NA,NA,NA,NA,NA,NA,NA,NA,NA,NA,NA,NA,-0.107223814603933,NA
"20","charge_fuel_infra",1.52442980575444,0.4412697329065,-0.115103136571916,-0.225459350644064,-0.09932896939836,NA,NA,NA,-0.760366547683895,0.777771037326759,NA,NA,NA,NA,NA,-0.228546661413053,NA,NA,NA,-0.294094350650388,NA,NA,-0.270434585415739,NA,NA,NA,0.371515318057856,NA,NA,NA,-0.593532000359331,NA,NA,NA,NA,NA,NA,NA,NA,NA,NA,NA,0.88860564408807,NA,-0.0480484151001204,0.422047609297166,NA,NA,NA,NA,NA,NA,NA,NA,NA,NA,-0.273114090189648,-0.00276438973517057,NA,NA
"21","clean_hydrogen",0.00340789328977231,-0.14209504581276,-0.218492132546907,-0.412481872743352,NA,NA,NA,NA,NA,NA,NA,NA,NA,0.151443853652968,NA,NA,NA,NA,NA,-0.297101383710855,NA,0.203204915548024,0.279482195433492,NA,NA,NA,-0.135821487429898,NA,NA,NA,NA,NA,NA,NA,NA,NA,NA,NA,NA,NA,NA,NA,-0.0695384540799404,NA,-0.127719921337135,-0.0506173894360219,NA,NA,NA,NA,NA,NA,NA,NA,NA,NA,NA,NA,NA,NA
"22","clean_school_bus",-0.502493301055409,-0.0891699945362937,-0.0327407362369821,0.0659279316939352,NA,NA,-0.158822615340923,NA,0.0161615601048128,NA,NA,NA,NA,-0.0843577797372456,NA,-0.0985821384277116,NA,NA,NA,NA,NA,NA,NA,NA,NA,NA,NA,NA,NA,NA,NA,NA,NA,NA,NA,NA,NA,NA,NA,NA,NA,NA,NA,NA,NA,NA,NA,NA,NA,NA,NA,NA,NA,NA,NA,NA,0.249356405292946,NA,NA,NA
"23","climate_coasts",0.0846129279009238,-0.00667873291113852,0.554638226208322,-0.0491547934752108,NA,NA,NA,NA,NA,NA,NA,NA,NA,-0.869351766673519,NA,NA,0.0536996451295817,NA,NA,NA,NA,NA,NA,NA,NA,NA,NA,NA,NA,NA,NA,NA,NA,NA,NA,NA,NA,NA,NA,NA,NA,NA,NA,NA,NA,NA,NA,NA,NA,NA,NA,NA,NA,NA,NA,NA,NA,NA,NA,NA
"24","coc",0.1795296034323,-0.375779431652811,-0.322568667810702,0.246049498720115,NA,NA,NA,NA,NA,NA,NA,NA,NA,NA,-0.150253569355654,NA,NA,NA,NA,NA,NA,NA,NA,NA,NA,NA,NA,NA,NA,NA,NA,0.63777541479684,0.385099000406517,0.125705341011241,NA,NA,NA,NA,NA,NA,NA,0.29985864989594,NA,NA,NA,NA,NA,NA,NA,NA,NA,NA,NA,NA,NA,NA,NA,NA,-0.285216607341128,NA
"25","crisi",-0.087570882307366,0.219357055050691,0.265977327906668,-0.129115102803565,0.0432686192767597,NA,NA,NA,0.50365944998292,-0.091604876734005,NA,NA,NA,NA,NA,-0.646218445771327,NA,0.324008230016599,NA,NA,NA,NA,NA,NA,0.319645390732824,0.437059382141844,NA,0.215428894959934,NA,NA,0.987759621517255,NA,NA,NA,NA,NA,NA,NA,NA,NA,NA,NA,NA,NA,NA,NA,NA,NA,0.222468443975398,0.474344548068918,0.712373067917439,0.209623463080915,0.190724554639208,NA,NA,NA,0.348537047193311,0.00197157246341217,NA,NA
"26","culvert_restore",-0.426025615852085,-1,-0.991487492034199,-0.960286088113906,NA,NA,NA,NA,NA,NA,-0.875032500934379,-0.261351153286818,NA,NA,NA,NA,-0.985604983901923,NA,NA,NA,NA,NA,NA,NA,NA,NA,NA,NA,NA,NA,NA,NA,NA,NA,NA,NA,NA,NA,NA,NA,NA,NA,NA,NA,NA,NA,NA,NA,NA,NA,NA,NA,NA,NA,NA,NA,NA,NA,NA,NA
"27","cwsrf_emerging_combined",-0.302801510246423,-0.25854860802817,-0.0760123387002642,0.277486399672631,NA,NA,NA,NA,NA,NA,NA,NA,NA,0.311356207533815,NA,NA,NA,NA,0.301127816849796,NA,NA,NA,NA,NA,NA,NA,NA,NA,NA,NA,NA,NA,NA,NA,NA,NA,NA,NA,0.194426391932128,0.18146320186146,NA,NA,NA,NA,NA,NA,NA,NA,NA,NA,NA,NA,NA,NA,NA,0.311276703243877,NA,NA,NA,0.0439841900003508
"28","cwsrf_general_combined",-0.302009390921664,-0.257727268521461,-0.0762217255521336,0.278102380719434,NA,NA,NA,NA,NA,NA,NA,NA,NA,0.311040043922522,NA,NA,NA,NA,0.300909170125732,NA,NA,NA,NA,NA,NA,NA,NA,NA,NA,NA,NA,NA,NA,NA,NA,NA,NA,NA,0.194160728210336,0.181201601597503,NA,NA,NA,NA,NA,NA,NA,NA,NA,NA,NA,NA,NA,NA,NA,0.310991318835358,NA,NA,NA,0.0437763603582495
"29","dac_hubs",-1,2.98143735505384,2.52939036940323,-1,NA,NA,NA,NA,NA,NA,NA,NA,NA,-1,NA,NA,NA,NA,NA,-1,NA,2.84293585266688,-1,NA,NA,NA,-1,NA,NA,NA,NA,NA,NA,NA,NA,NA,NA,NA,NA,NA,NA,NA,-1,NA,-1,-1,NA,NA,NA,NA,NA,NA,NA,NA,NA,NA,NA,NA,NA,NA
"30","dhs_flood",0.474324132890603,1.09119598652034,0.243238877608773,-0.483658384644121,NA,NA,NA,NA,NA,NA,NA,NA,NA,NA,NA,NA,0.675130171256129,NA,NA,NA,NA,NA,NA,NA,NA,NA,NA,NA,NA,NA,NA,NA,NA,NA,NA,NA,NA,NA,NA,NA,NA,NA,NA,NA,NA,NA,NA,NA,NA,NA,NA,NA,NA,NA,NA,NA,NA,NA,NA,NA
"31","doe_battery",-0.622958161201962,1.02379288364526,1.11655971882673,-0.829556976240461,NA,NA,NA,NA,NA,NA,NA,NA,NA,NA,NA,NA,NA,NA,-0.113970976469392,-0.37323411387123,NA,1.65012723738797,-0.361373300518801,NA,NA,NA,-0.445760964445264,NA,NA,NA,NA,NA,NA,NA,NA,NA,NA,NA,NA,NA,NA,NA,-0.796524672720605,NA,-0.341315276804699,-0.608710508092192,NA,NA,NA,NA,NA,NA,NA,NA,NA,NA,NA,NA,NA,NA
"32","doe_bead_initial",-0.399670491537199,0.0719254417452644,0.0859662675086867,-0.177972820342346,NA,NA,NA,NA,NA,NA,NA,NA,0.572294600094823,NA,NA,NA,NA,NA,NA,NA,NA,NA,NA,NA,NA,NA,NA,NA,NA,0.484307034200078,NA,NA,NA,NA,NA,NA,NA,NA,NA,NA,NA,NA,NA,NA,NA,NA,NA,NA,NA,NA,NA,NA,NA,NA,NA,NA,NA,NA,NA,NA
"33","doe_carbon_storage",-0.110661348141903,0.653249242881485,0.561015099081359,-0.344931302057656,NA,NA,NA,NA,NA,NA,NA,NA,NA,-0.156691936569406,NA,NA,NA,NA,NA,-0.31455368092544,NA,1.14181572628458,0.379313691487531,NA,NA,NA,-0.795183681498509,NA,NA,NA,NA,NA,NA,NA,NA,NA,NA,NA,NA,NA,NA,NA,-0.245069135844005,NA,0.593918881146278,-0.923633267721817,NA,NA,NA,NA,NA,NA,NA,NA,NA,NA,NA,NA,NA,NA
"34","doe_grid_innovation",-0.978793969880997,-0.398318895511934,-0.671147548687567,-1,NA,NA,NA,NA,NA,NA,NA,NA,NA,NA,NA,NA,NA,NA,NA,-0.701655603065517,NA,NA,1.57504807951178,NA,NA,NA,-0.978560174187087,NA,-0.310628969495665,NA,NA,NA,NA,NA,NA,NA,NA,NA,NA,NA,NA,NA,-1,NA,-0.707183497813261,-0.978755490069109,NA,NA,NA,NA,NA,NA,NA,NA,NA,NA,NA,NA,NA,NA
"35","doe_grid_resilience",0.0250701874241344,-0.258006715599781,-0.169993243856156,-0.114518033033904,NA,NA,NA,NA,NA,NA,NA,NA,NA,NA,NA,NA,NA,NA,NA,-0.335648021128451,NA,NA,0.328579871071967,NA,NA,NA,-0.347666776262596,NA,-0.38098822325806,NA,NA,NA,NA,NA,NA,NA,NA,NA,NA,NA,NA,NA,-0.506688975188965,NA,-0.889531717619965,-0.210973408434256,NA,NA,NA,NA,NA,NA,NA,NA,NA,NA,NA,NA,NA,NA
"36","doe_hydrogen_electro",-0.0699047148296911,0.0019827040733047,-0.31046778516317,0.563377265872971,NA,NA,NA,NA,NA,NA,NA,NA,NA,0.260636206771548,NA,NA,NA,NA,NA,-0.127260722380873,NA,-0.426167949601778,0.0871620518334506,NA,NA,NA,0.509494673072527,NA,NA,NA,NA,NA,NA,NA,NA,NA,NA,NA,NA,NA,NA,NA,-0.147634153479293,NA,-0.262716569077943,0.659624675646989,NA,NA,NA,NA,NA,NA,NA,NA,NA,NA,NA,NA,NA,NA
"37","doe_rural_energy",-0.464543627727444,-0.297626673141674,-0.17070252899025,-0.932732184791192,NA,NA,NA,NA,NA,NA,NA,NA,NA,NA,NA,NA,NA,NA,NA,-0.587644425840455,NA,NA,0.748788080395755,NA,NA,NA,-0.595202051436924,NA,-0.250473036868778,NA,NA,NA,NA,NA,NA,NA,NA,NA,NA,NA,NA,NA,-0.377129793601601,NA,-0.731562039169557,-0.59888974316792,NA,NA,NA,NA,NA,NA,NA,NA,NA,NA,NA,NA,NA,NA
"38","doe_weatherization",-0.647194858138518,-0.342423895686711,-0.129223876085313,-0.00697126829247963,NA,NA,NA,NA,NA,NA,NA,NA,NA,NA,0.034211943411208,NA,NA,NA,NA,NA,NA,NA,0.538536713990971,NA,NA,NA,NA,NA,NA,NA,NA,NA,-0.477105204256787,-0.604278699500236,NA,NA,NA,NA,NA,NA,NA,NA,NA,NA,NA,NA,NA,NA,NA,NA,NA,NA,NA,NA,NA,NA,NA,NA,NA,NA
"39","doi_aging_infra",0.748439485334231,-0.897669684140053,-0.84201759755525,-1,NA,NA,NA,NA,NA,NA,NA,NA,NA,NA,NA,NA,NA,NA,NA,NA,NA,NA,NA,NA,NA,NA,NA,NA,NA,NA,NA,NA,NA,NA,NA,NA,NA,NA,NA,NA,NA,NA,NA,NA,NA,NA,NA,NA,NA,NA,NA,NA,NA,NA,NA,NA,NA,NA,NA,0.591826257584535
"40","doi_drought",1.07764325386392,-0.995011245105489,-0.995577661555405,-1,NA,NA,NA,NA,NA,NA,NA,NA,NA,NA,NA,NA,-1,NA,NA,NA,NA,NA,NA,NA,NA,NA,NA,NA,NA,NA,NA,NA,NA,NA,NA,NA,NA,NA,NA,NA,NA,NA,NA,NA,NA,NA,NA,NA,NA,NA,NA,NA,NA,NA,NA,NA,NA,NA,NA,0.832457666085463
"41","doi_rural_water",0.371667292190397,0.399540987675846,1.40152226922063,-1,NA,NA,NA,NA,NA,NA,NA,NA,NA,-1,NA,NA,NA,NA,2.81249247716778,NA,NA,NA,NA,NA,NA,NA,NA,NA,NA,NA,NA,NA,NA,NA,NA,NA,NA,NA,NA,NA,NA,NA,NA,NA,NA,NA,NA,NA,NA,NA,NA,NA,NA,NA,NA,1.67868254972604,NA,NA,NA,1.9487114274279
"42","doi_water_recycle",2.60429530774765,-0.724757033495541,-0.996872629242664,-1,NA,NA,NA,NA,NA,NA,NA,NA,NA,-0.988433991193397,NA,NA,NA,NA,-0.940318011459977,NA,NA,NA,NA,NA,NA,NA,NA,NA,NA,NA,NA,NA,NA,NA,NA,NA,NA,NA,NA,NA,NA,NA,NA,NA,NA,NA,NA,NA,NA,NA,NA,NA,NA,NA,NA,-0.886679622369013,NA,NA,NA,-0.695711358943311
"43","doi_water_storage",1.01574728601253,-1,-0.970750908540857,-1,NA,NA,NA,NA,NA,NA,NA,NA,NA,-1,NA,NA,NA,NA,0.716674789442951,NA,NA,NA,NA,NA,NA,NA,NA,NA,NA,NA,NA,NA,NA,NA,NA,NA,NA,NA,NA,NA,NA,NA,NA,NA,NA,NA,NA,NA,NA,NA,NA,NA,NA,NA,NA,-0.891250878812555,NA,NA,NA,-0.83670745868439
"44","dot_tc",-0.459140878613117,0.130616031027767,0.148149655198349,-0.529906906067077,-0.102099330121416,NA,NA,NA,0.731328620423334,-0.432465438466114,0.320741673455024,0.142680282730098,NA,NA,NA,-0.477071006881902,NA,-0.45626399165728,NA,-0.110498381300976,NA,0.900914577205102,NA,-0.23558259145198,0.329808644584406,-0.407261683432942,-0.487750474236702,-0.107011801862717,NA,NA,0.61958005875199,NA,NA,NA,NA,NA,NA,NA,NA,NA,0.67199589013522,NA,-0.491762193112808,NA,-0.360366579863427,NA,-0.263785457346158,-0.15400538952768,-0.251612076969749,1.05673610924354,0.235484758452615,0.0763671267683721,1.01688924824163,-0.396031693244418,-0.497746436409336,NA,0.659240070791406,-0.479382851516762,NA,NA
"45","dwsrf_emerging_combined",-0.0434216538676768,0.0533542485621026,-0.0334439053343666,-0.135664795233618,NA,NA,NA,NA,NA,NA,NA,NA,NA,-0.00670712850260924,NA,NA,NA,NA,0.353924348034886,NA,NA,NA,NA,NA,NA,NA,NA,NA,NA,NA,NA,NA,NA,NA,NA,NA,NA,NA,0.0718600089512371,0.135855436680623,NA,NA,NA,NA,NA,NA,NA,NA,NA,NA,NA,NA,NA,NA,NA,0.161888699894893,NA,NA,NA,0.220188611820859
"46","dwsrf_general_combined",-0.024647202545355,0.0541260278811375,-0.047312551815486,-0.126758680946044,NA,NA,NA,NA,NA,NA,NA,NA,NA,-0.0140350838727491,NA,NA,NA,NA,0.349395568154024,NA,NA,NA,NA,NA,NA,NA,NA,NA,NA,NA,NA,NA,NA,NA,NA,NA,NA,NA,0.0625626668237853,0.125099073564716,NA,NA,NA,NA,NA,NA,NA,NA,NA,NA,NA,NA,NA,NA,NA,0.160827390413887,NA,NA,NA,0.221318669443715
"47","dwsrf_lead_combined",-0.254228441961774,-0.00421834787788911,0.108537983553908,-0.0314559087468849,NA,NA,NA,NA,NA,NA,NA,NA,NA,0.122475576071645,NA,NA,NA,NA,0.333784694112062,NA,NA,NA,NA,NA,NA,NA,NA,NA,NA,NA,NA,NA,NA,NA,NA,NA,NA,NA,0.180455033997209,0.233557596164913,NA,NA,NA,NA,NA,NA,NA,NA,NA,NA,NA,NA,NA,NA,NA,0.222261433801674,NA,NA,NA,0.239752062224051
"48","elderly",-0.132815325783263,-0.449847612483832,-0.170666554444563,0.627755867562807,NA,-0.038061390223603,NA,NA,NA,NA,NA,NA,NA,NA,-0.213568291071652,NA,NA,NA,NA,NA,NA,NA,NA,NA,NA,NA,NA,NA,NA,NA,NA,0.527150105063149,0.43441742892273,-0.109191881514393,0.755932083653221,NA,NA,NA,-0.170607808286717,-0.185687664124097,NA,0.271516067979147,NA,0.73548278684423,NA,NA,NA,NA,NA,NA,NA,NA,NA,NA,NA,NA,NA,NA,-0.273583405948613,NA
"49","epa_great_lakes",-1,-1,-0.923221151717537,-1,NA,NA,NA,NA,NA,NA,NA,NA,NA,0.860883906386014,NA,NA,-1,NA,2.7295549863138,NA,NA,NA,NA,NA,NA,NA,NA,NA,NA,NA,NA,NA,NA,NA,NA,NA,NA,NA,NA,NA,NA,NA,NA,NA,NA,NA,NA,NA,NA,NA,NA,NA,NA,NA,NA,NA,NA,NA,NA,0.338368607231599
"50","ferry_rural_comms",-0.765431449451866,-0.93684839415026,-0.957701487546209,-0.641599308702236,NA,NA,NA,NA,NA,1.80917337867213,NA,NA,NA,NA,NA,-0.829841311691294,-0.941376601841223,NA,NA,NA,2.08253604239776,2.06609031317995,NA,NA,NA,NA,NA,1.41424579608135,NA,NA,NA,NA,NA,NA,NA,NA,NA,NA,NA,NA,NA,NA,NA,NA,NA,NA,-0.525265977446884,-0.676633342691789,NA,NA,NA,NA,NA,NA,NA,NA,-0.673086055371809,NA,NA,NA
"51","fhwa_app",-0.823698856310559,1.61663333815872,1.62900973498096,-0.549331576247656,NA,NA,NA,NA,1.79408318013974,-1,NA,NA,NA,NA,NA,-0.271666255766998,NA,NA,NA,NA,NA,NA,NA,NA,NA,NA,NA,NA,NA,NA,1.34016863566591,NA,NA,NA,NA,NA,NA,NA,NA,NA,NA,NA,NA,NA,NA,NA,NA,NA,NA,NA,NA,NA,NA,NA,NA,NA,NA,NA,NA,NA
"52","fhwa_bridge",-0.241901837551855,-0.200139615237547,-0.157971507557299,0.244641755015483,NA,NA,NA,NA,NA,-0.101795532145994,0.216527409638709,0.462743645876626,NA,NA,NA,-0.567442367765838,NA,NA,NA,NA,NA,NA,NA,NA,-0.140302394193702,NA,NA,0.319608539890087,NA,NA,NA,NA,NA,NA,NA,NA,NA,NA,NA,NA,NA,NA,NA,NA,NA,NA,0.320493181085803,NA,NA,NA,NA,NA,NA,NA,NA,NA,NA,NA,NA,NA
"53","fhwa_carbon",-0.111181204644187,0.17687982535618,0.0734099821141052,-0.180833158995461,NA,NA,NA,NA,NA,-0.0290960439864529,NA,NA,NA,-0.0117219788477196,NA,-0.0412539223201442,NA,NA,NA,NA,NA,NA,NA,NA,NA,NA,NA,NA,NA,NA,NA,NA,NA,NA,NA,NA,NA,NA,NA,NA,NA,NA,NA,NA,NA,NA,NA,-0.130151830978983,NA,NA,NA,NA,NA,NA,NA,NA,NA,NA,NA,NA
"54","fhwa_cmaq",0.268467302680544,-0.315377329107702,-0.474240096378318,-0.00021774154223464,NA,NA,NA,NA,NA,NA,NA,NA,NA,0.189710658035917,NA,-0.255266189994965,NA,NA,NA,NA,NA,NA,NA,NA,NA,NA,NA,NA,NA,NA,-0.0400326608992806,NA,NA,NA,NA,NA,NA,NA,NA,NA,NA,NA,NA,NA,NA,NA,NA,NA,NA,NA,NA,NA,NA,NA,NA,NA,NA,NA,NA,NA
"55","fhwa_ev",-0.0809132182562623,0.158125856852741,0.0517968545545087,-0.159104962012013,NA,NA,NA,NA,NA,-0.0112577881060006,NA,NA,NA,-0.0039635441755338,NA,-0.0557240284388336,NA,NA,NA,NA,NA,NA,NA,NA,NA,NA,NA,NA,NA,NA,NA,NA,NA,NA,NA,NA,NA,NA,NA,NA,NA,NA,NA,NA,NA,NA,NA,NA,NA,NA,NA,NA,NA,NA,NA,NA,NA,NA,NA,NA
"56","fhwa_highway_freight",-0.0907619967028437,0.14880448281412,0.0436168936231849,-0.169158429851264,NA,NA,NA,NA,NA,NA,NA,NA,NA,NA,NA,-0.0526064313350794,NA,NA,NA,NA,NA,NA,NA,NA,0.122662299996238,NA,NA,NA,NA,NA,0.234688697332038,NA,NA,NA,NA,NA,NA,NA,NA,NA,NA,NA,NA,NA,NA,NA,NA,NA,NA,0.309094813271923,NA,NA,NA,NA,NA,NA,NA,-0.0360315169192883,NA,NA
"57","fhwa_metro_plan",0.0730903465772876,-0.248672359733863,-0.231849873480433,0.135564667073125,NA,NA,NA,NA,NA,0.152238436965984,NA,NA,NA,NA,NA,-0.126694864488165,NA,NA,NA,NA,NA,NA,NA,NA,NA,NA,NA,NA,NA,NA,NA,NA,NA,NA,NA,NA,NA,NA,NA,NA,NA,NA,NA,NA,NA,NA,NA,0.189621491401015,NA,NA,NA,NA,NA,NA,NA,NA,NA,NA,NA,NA
"58","fhwa_nhpp",-0.0929352189513167,0.193861726586794,0.0882812128956738,-0.162263655941764,-0.0459090495063497,NA,NA,NA,0.292861968532837,-0.0349750860732633,NA,NA,NA,NA,NA,-0.0470592177923914,NA,NA,NA,NA,NA,NA,NA,NA,0.149672713038369,NA,NA,NA,NA,NA,0.243511950352923,NA,NA,NA,NA,NA,NA,NA,NA,NA,NA,NA,NA,NA,NA,NA,NA,NA,NA,NA,NA,NA,NA,NA,NA,NA,NA,NA,NA,NA
"59","fhwa_protect",-0.111181164276202,0.176879875303213,0.0734100302442866,-0.180833288922137,NA,NA,NA,NA,NA,NA,NA,NA,NA,-0.0117221547100614,NA,-0.0412539226651631,NA,NA,NA,NA,NA,NA,NA,NA,0.156676496815456,NA,NA,NA,NA,NA,0.251087398236584,NA,NA,NA,NA,NA,NA,NA,NA,NA,NA,NA,NA,NA,NA,NA,NA,NA,NA,NA,NA,NA,NA,NA,NA,NA,NA,NA,NA,NA
"60","fhwa_protect_comp",-0.543101516652464,-0.605512873029555,-0.560597663567803,0.151433813420079,NA,NA,NA,NA,NA,-0.194820542491536,NA,0.610297023541121,NA,-0.0132035105186773,NA,-0.37744592184969,NA,NA,NA,NA,0.461460788148979,NA,NA,-0.126288704719669,NA,-0.13017877121487,NA,NA,NA,NA,0.393795715407357,NA,NA,NA,NA,NA,NA,NA,NA,NA,0.0290722484356611,NA,NA,NA,NA,NA,-0.172720029110387,NA,-0.234991530452162,0.317217272876551,NA,NA,0.394425659179458,NA,NA,NA,NA,-0.271793182893047,NA,NA
"61","fhwa_railway",-0.274024387394979,0.180518902467917,0.0958016141104585,-0.407055492028054,NA,NA,NA,NA,NA,-0.225116539063023,NA,NA,NA,NA,NA,-0.12427871317308,NA,NA,NA,NA,NA,NA,NA,NA,0.181773967417952,NA,NA,NA,NA,NA,0.424947036136039,NA,NA,NA,NA,NA,NA,NA,NA,NA,NA,NA,NA,NA,NA,NA,NA,NA,-0.351263564843929,0.660757286216547,0.234869517959007,0.457237646076386,0.302190212997409,NA,NA,NA,NA,NA,NA,NA
"62","fhwa_safety",-0.0979354738512414,0.176583876338965,0.071588692783807,-0.162432345577249,NA,NA,NA,NA,0.280210742032779,-0.0131518533811356,NA,NA,NA,NA,NA,-0.034500675740365,NA,NA,NA,NA,NA,NA,NA,NA,0.154635062136275,NA,NA,NA,NA,NA,0.236945633038595,NA,NA,NA,NA,NA,NA,NA,NA,NA,NA,NA,NA,NA,NA,NA,NA,NA,NA,NA,NA,NA,NA,NA,NA,NA,NA,NA,NA,NA
"63","fhwa_spr",-0.0902215582910383,0.150682431849137,0.0442144172540981,-0.170073216348557,-0.04599544859847,NA,NA,NA,0.271528750035163,-0.00721692358200032,0.225020759106026,0.010977254558701,NA,NA,NA,-0.0522021737613144,NA,-0.192687051243332,0.222827524157453,-0.17777358810219,NA,NA,NA,-0.182689860941345,0.123525588904958,-0.176917800630267,-0.197767293801942,-0.129913663889329,NA,NA,0.234752855433136,NA,NA,NA,NA,NA,NA,NA,NA,NA,0.0754585383963833,NA,-0.0763251513198595,NA,0.106533476850743,NA,-0.165214176839486,-0.105289851151618,-0.163234758532497,NA,NA,NA,NA,NA,NA,NA,NA,NA,NA,NA
"64","fhwa_stp",-0.108987453957794,0.179135021287134,0.073253107616692,-0.175867687503257,-0.0516182093671428,NA,NA,NA,0.297722923943049,-0.025768492737559,NA,NA,NA,NA,NA,-0.0472086011947587,NA,-0.227633850441976,NA,NA,NA,NA,NA,NA,0.15290536519238,NA,NA,-0.153422436650742,NA,NA,0.257037005791836,NA,NA,NA,NA,NA,NA,NA,NA,NA,NA,NA,NA,NA,NA,NA,-0.190681028588351,-0.125632033813422,NA,NA,NA,NA,NA,NA,NA,NA,0.20706965069896,NA,NA,NA
"65","fhwa_tap",-0.120904981072743,0.172583140654504,0.0891726660209713,-0.21232452572852,-0.187792204362813,NA,NA,NA,0.287249765043391,-0.0715640688849534,0.243239478912451,-0.0453294236548858,NA,NA,NA,0.0315181845472958,NA,-0.25044288622637,0.22364123006894,-0.193448958334841,NA,NA,NA,-0.247690758598255,0.187074730103112,-0.226734283595101,-0.252856252019164,-0.218187041159846,NA,NA,0.199650435021705,NA,NA,NA,NA,NA,NA,NA,NA,NA,0.0654689921538667,NA,-0.0946304248285662,NA,0.154071944581128,NA,-0.239323821995555,-0.155444878153683,-0.22662434239913,NA,NA,NA,NA,-0.157295723315768,-0.236514184851581,NA,NA,NA,NA,NA
"66","fmcsa_21",-0.145920633465391,0.218786965836762,0.0672812645809666,-0.212947957397916,NA,NA,NA,NA,NA,NA,NA,NA,NA,NA,NA,-0.00252785889200224,NA,NA,NA,NA,NA,NA,NA,NA,0.145741928406668,NA,NA,NA,NA,NA,NA,NA,NA,NA,NA,NA,NA,NA,NA,NA,NA,NA,NA,NA,NA,NA,NA,NA,NA,NA,NA,NA,NA,NA,NA,NA,NA,-0.111016713259932,NA,NA
"67","fra_intercity_rail",1.13329464264266,-0.940057378189033,-0.840010950838766,1.66802630109571,1.75687742373064,NA,NA,NA,-0.819440553402743,0.29602907569679,NA,NA,NA,NA,NA,0.267062596470357,NA,1.781557410044,NA,NA,NA,NA,NA,NA,-0.834789223597342,1.5986666241556,NA,1.18851327017798,NA,NA,0.927048980078033,NA,NA,NA,NA,NA,NA,NA,NA,NA,NA,NA,NA,NA,NA,NA,NA,NA,1.78736243271023,-0.977083198492768,-0.366071178034326,-0.985659898316415,-0.683347882332529,NA,NA,NA,-0.827030314523844,-0.17798750076174,NA,NA
"68","fra_rail_cross",0.258644125046994,0.419406789453244,-0.114349148883329,-0.682711356109964,NA,NA,NA,NA,NA,0.179102447262569,NA,NA,NA,NA,NA,-0.240499718440834,NA,NA,NA,NA,NA,NA,NA,NA,-0.130293679183865,NA,NA,NA,NA,NA,NA,NA,NA,NA,NA,NA,NA,NA,NA,NA,NA,NA,NA,NA,NA,NA,NA,NA,-0.239606269755284,0.736524896953781,0.543840991172323,0.653995456749508,0.21479687240915,NA,NA,NA,NA,NA,NA,NA
"69","fs_wildfire",1.12056257754883,-0.075307406398435,-0.35650598080796,-0.987143495420031,NA,NA,NA,NA,NA,NA,NA,NA,NA,-0.92606880286788,NA,NA,NA,NA,NA,-0.0192053843348818,NA,NA,NA,NA,NA,NA,0.411635450321991,NA,NA,NA,NA,NA,NA,NA,NA,NA,NA,NA,NA,NA,NA,NA,0.831017148637973,NA,-0.477876234529465,NA,NA,NA,NA,NA,NA,NA,NA,NA,NA,NA,NA,NA,NA,NA
"70","fta_5305_combined",0.145374476037294,-0.197033680052041,-0.191306353263531,0.197891696682772,NA,NA,NA,NA,-0.256964214265092,0.142285535791954,NA,NA,NA,NA,NA,-0.0416965215113233,NA,0.259900885504598,NA,NA,NA,-0.278942850163735,NA,NA,NA,NA,NA,0.199965663111567,NA,NA,-0.0851895985303943,NA,NA,NA,NA,NA,NA,NA,NA,NA,NA,NA,NA,NA,NA,NA,0.209396686210986,0.148185575551174,NA,NA,NA,NA,NA,NA,NA,NA,-0.270213859979195,NA,NA,NA
"71","fta_5307_5340",-0.0178314683650856,-0.509726255993095,-0.516088485801247,0.760118522879114,0.917194473902067,NA,NA,NA,-0.567182258707924,0.224401440912973,NA,NA,NA,NA,NA,-0.343678969487527,NA,0.873880083951511,NA,NA,NA,-0.574305027094613,NA,NA,NA,NA,NA,0.691454982294254,NA,NA,0.139011354579488,NA,NA,NA,NA,NA,NA,NA,NA,NA,NA,NA,NA,NA,NA,NA,0.72191770135737,0.290370331727633,NA,NA,NA,NA,NA,NA,NA,NA,-0.555687813742936,NA,NA,NA
"72","fta_5310",-0.0581469217675916,-0.0408867317884829,0.0943139433236879,0.114797267663572,NA,0.147525209764515,NA,NA,-0.028002009253617,-0.0446356129657633,NA,NA,NA,NA,NA,0.00885478139134666,NA,NA,NA,NA,NA,NA,NA,NA,NA,NA,NA,-0.0200269139731044,NA,NA,NA,NA,NA,NA,NA,NA,NA,NA,NA,NA,NA,NA,NA,NA,NA,NA,-0.0206062435013129,-0.0232894722683963,NA,NA,NA,NA,NA,NA,NA,NA,-0.00458848496081765,NA,NA,NA
"73","fta_5311_combined",-0.430974788751136,0.319236384556139,0.352754743004296,-0.474627272162668,NA,NA,NA,NA,0.792422799816352,-0.372007260705031,NA,NA,NA,NA,NA,-0.13872010270185,NA,-0.581021538704365,NA,NA,NA,0.872921258234973,NA,NA,NA,NA,NA,-0.400308629504488,NA,NA,0.466556043098297,NA,NA,NA,NA,NA,NA,NA,NA,NA,NA,NA,NA,NA,NA,NA,-0.462186763831404,-0.320773705744447,NA,NA,NA,NA,NA,NA,NA,NA,0.650089659757956,NA,NA,NA
"74","fta_5329_e",0.220524012449743,-0.0592085209781891,-0.426105840144041,0.511596220225273,NA,NA,NA,NA,-0.499155627363829,-0.00538843400599764,NA,NA,NA,NA,NA,-0.353104602007689,NA,0.747782837809365,NA,NA,NA,-0.574465099020249,NA,NA,NA,NA,NA,NA,NA,NA,0.00548188967591057,NA,NA,NA,NA,NA,NA,NA,NA,NA,NA,NA,NA,NA,NA,NA,NA,0.585307570079753,NA,NA,NA,NA,NA,NA,NA,NA,-0.411373691172279,NA,NA,NA
"75","fta_5337_combined",-0.0166171371018404,-0.672691415381083,-0.839536857703858,1.26034274219223,1.65531391083255,NA,NA,NA,-0.780863950829298,0.044096076827276,NA,NA,NA,NA,NA,-0.671346395675747,NA,1.54137233165085,NA,NA,NA,-0.857149182703446,NA,NA,NA,NA,NA,1.25953157802007,NA,NA,-0.055175944227126,NA,NA,NA,NA,NA,NA,NA,NA,NA,NA,NA,NA,NA,NA,NA,1.30547795853613,0.536676133357165,1.43707972036421,NA,NA,NA,NA,NA,NA,NA,-0.821511821460068,NA,NA,NA
"76","fta_5339",0.0178785025081332,-0.210469362376977,-0.181500243138208,0.0518809161691394,NA,NA,NA,NA,0.0208992456767016,0.129368519989028,NA,NA,NA,NA,NA,-0.197671943113731,NA,NA,NA,NA,NA,NA,NA,NA,NA,NA,NA,0.113791488166298,NA,NA,NA,NA,NA,NA,NA,NA,NA,NA,NA,NA,NA,NA,NA,NA,NA,NA,0.0970450450677249,0.127543479607182,NA,NA,NA,NA,NA,NA,NA,NA,-0.10545757705862,NA,NA,NA
"77","fta_rail_vehicle",-0.242958715993495,-1,-0.206654918351965,0.755306177050813,NA,NA,NA,NA,NA,-0.722861109282426,NA,NA,NA,NA,NA,-0.304317594356067,NA,NA,NA,NA,NA,NA,NA,NA,NA,NA,NA,NA,NA,NA,NA,NA,NA,NA,NA,NA,NA,NA,NA,NA,NA,NA,NA,NA,NA,NA,NA,1.20793935975796,0.722816670159186,0.448546469629409,NA,NA,0.632826405896869,NA,NA,NA,NA,NA,NA,NA
"78","grrp_comp",0.69009963529018,1.02290570171035,0.0461936175840054,0.203291667732802,NA,NA,NA,NA,NA,NA,NA,NA,NA,NA,1.03826706723311,NA,NA,NA,NA,-0.90164240820281,NA,NA,0.194540724086502,NA,NA,NA,-0.294471135578818,NA,NA,NA,NA,NA,-0.792167832278974,0.485280663262655,0.708568748943697,-0.439376966621157,-0.162578207518326,0.487608625776487,NA,NA,NA,NA,0.42540083222977,NA,0.629737726692267,-0.300898472892508,NA,NA,NA,NA,NA,NA,NA,NA,NA,NA,NA,NA,NA,NA
"79","grrp_elements",-0.286000813222053,0.0372809442762037,0.089413069860695,0.379545010820509,NA,NA,NA,NA,NA,NA,NA,NA,NA,NA,0.578282736669096,NA,NA,NA,NA,0.702290728396977,NA,NA,-0.0174033496642646,NA,NA,NA,0.533260251720807,NA,NA,NA,NA,NA,-0.395109009505944,-0.532488350454161,1.46636144265013,0.18234322136698,0.839077409037695,0.850504799079889,NA,NA,NA,NA,-0.232148905998496,NA,0.134565859396067,0.324529937818269,NA,NA,NA,NA,NA,NA,NA,NA,NA,NA,NA,NA,NA,NA
"80","grrp_leading",0.137967480555478,-0.405594732527255,-0.741319096885743,0.908780610206974,NA,NA,NA,NA,NA,NA,NA,NA,NA,NA,0.622687320805025,NA,NA,NA,NA,0.272748080747019,NA,NA,0.445845985012261,NA,NA,NA,-0.196624173202679,NA,NA,NA,NA,NA,-1,-0.270843174930059,0.945814509977545,0.388295838212073,0.509895573531229,0.607169818349639,NA,NA,NA,NA,-0.0252336181394133,NA,-0.592902225880222,0.3411256499763,NA,NA,NA,NA,NA,NA,NA,NA,NA,NA,NA,NA,NA,NA
"81","hcv",0.239430405613857,-0.304148438901461,-0.340479473825429,0.399020960177862,NA,NA,NA,NA,NA,NA,NA,NA,NA,NA,-0.252303602012965,NA,NA,NA,NA,NA,NA,NA,NA,NA,NA,NA,NA,NA,NA,NA,NA,0.790049408546168,0.479341010018834,0.246735251409531,NA,0.66770693956057,NA,NA,-0.355424200253342,-0.356410643506935,NA,0.427247962846273,NA,0.290903755433283,NA,NA,NA,NA,NA,NA,NA,NA,NA,NA,NA,NA,NA,NA,-0.327683945729971,NA
"82","home",0.00264795850294286,-0.0708625416131797,-0.0426737339207296,0.145965830083385,NA,NA,NA,NA,NA,NA,NA,NA,NA,NA,-0.0899831303896893,NA,NA,NA,NA,NA,NA,NA,NA,NA,NA,NA,NA,NA,NA,NA,NA,0.204478068815639,0.154339356210611,-0.0408081786640925,NA,NA,NA,NA,0.0343371915662547,0.0283414128382946,NA,0.117951063083664,NA,0.210393815818785,NA,NA,NA,NA,NA,NA,NA,NA,NA,NA,NA,NA,NA,NA,-0.0719217107473216,NA
"83","hud_disability",-0.211390135579438,-0.140977306182798,0.10052481798782,0.35854719344274,NA,NA,NA,NA,NA,NA,NA,NA,NA,NA,-0.129619414410507,NA,NA,NA,NA,NA,NA,NA,NA,NA,NA,NA,NA,NA,NA,NA,NA,0.075392368429138,-0.0190292991742909,-0.209622112771007,0.598993719563284,NA,NA,NA,NA,NA,NA,NA,NA,NA,NA,NA,NA,NA,NA,NA,NA,NA,NA,NA,NA,NA,NA,NA,NA,NA
"84","hud_esg",-0.0556909524938354,-0.107335462998219,-0.0856240802600322,0.213163078045522,NA,NA,NA,NA,NA,NA,NA,NA,NA,NA,-0.0215781482720806,NA,NA,NA,NA,NA,NA,NA,NA,NA,NA,NA,NA,NA,NA,NA,NA,0.138046719440383,0.085498890964848,-0.0885444023427029,NA,NA,NA,NA,NA,NA,NA,NA,NA,NA,NA,NA,NA,NA,NA,NA,NA,NA,NA,NA,NA,NA,NA,NA,NA,NA
"85","hud_hopwa",0.20659345338743,0.313921665326427,0.0855958746967846,0.450321766750863,NA,NA,NA,NA,NA,NA,NA,NA,NA,NA,-0.152028296201208,NA,NA,NA,NA,NA,NA,NA,NA,NA,NA,NA,NA,NA,NA,NA,NA,0.251285960981645,0.375846721285277,0.0190168568039766,NA,NA,NA,NA,NA,NA,NA,NA,NA,NA,NA,NA,NA,NA,NA,NA,NA,NA,NA,NA,NA,NA,NA,NA,NA,NA
"86","hud_htf",0.0971392682372623,-0.254701284814185,-0.222369443522332,0.137641552147434,NA,NA,NA,NA,NA,NA,NA,NA,NA,NA,-0.176995023604732,NA,NA,NA,NA,NA,NA,NA,NA,NA,NA,NA,NA,NA,NA,NA,NA,0.43049972085925,0.278902349581443,0.111995852713005,NA,NA,NA,NA,NA,NA,NA,NA,NA,NA,NA,NA,NA,NA,NA,NA,NA,NA,NA,NA,NA,NA,NA,NA,NA,NA
"87","indian_health",-0.70142375848267,-0.602253775511523,-0.625365581767128,-1,NA,NA,NA,NA,NA,NA,NA,NA,NA,NA,-0.408827255941651,NA,NA,NA,NA,NA,NA,NA,NA,NA,NA,NA,NA,NA,NA,NA,NA,NA,NA,-0.979348103966224,-1,-0.944711880400623,-0.879378506989989,-0.956657970842027,1.83996167325322,1.90658689307906,NA,NA,NA,NA,NA,NA,NA,NA,NA,NA,NA,NA,NA,NA,NA,NA,NA,NA,NA,2.80794123440216
"88","indian_water",-0.590326250622599,-0.582001257088421,1.69873328580717,-1,NA,NA,NA,NA,NA,NA,NA,NA,NA,-1,NA,NA,NA,NA,1.9302874890184,NA,NA,NA,NA,NA,NA,NA,NA,NA,NA,NA,1.64712059032028,NA,NA,NA,NA,NA,NA,NA,NA,NA,NA,NA,NA,NA,NA,NA,NA,NA,NA,NA,NA,NA,NA,NA,NA,2.0207769824006,NA,NA,NA,NA
"89","infra",-0.102005276940572,-0.519689320997562,-0.179342765040261,-0.375397416816366,NA,NA,NA,NA,-0.441652815913262,-0.227585576418042,NA,NA,NA,NA,NA,-0.476772127527608,NA,NA,NA,NA,NA,NA,NA,NA,-0.312055637564953,NA,NA,NA,NA,NA,0.27099706560255,NA,NA,NA,NA,NA,NA,NA,NA,NA,NA,NA,NA,NA,NA,NA,NA,NA,NA,0.797446504721956,NA,NA,NA,NA,NA,NA,-0.299165702006699,NA,NA,NA
"90","land_port",0.267243922478265,0.172881279394742,-1,-0.944831280674747,NA,NA,NA,NA,-0.048056396329291,NA,-0.2283060443666,-0.601847353201467,NA,NA,NA,0.699399998640598,NA,-0.84445533759393,NA,-0.608821639540977,NA,NA,NA,NA,NA,NA,-0.824970595679689,NA,NA,NA,NA,NA,NA,NA,NA,NA,NA,NA,NA,NA,NA,NA,1.00026757341944,NA,0.142056536072003,NA,NA,NA,NA,NA,NA,NA,NA,NA,NA,NA,NA,-0.643777580156248,NA,NA
"91","low_no_emission",0.322655102036932,0.10498606334772,-0.257542164065276,0.158170602546227,0.310915270798365,NA,NA,NA,-0.16117041440918,0.0364532332959198,NA,NA,NA,-0.115874835815572,NA,-0.244949168260207,NA,NA,NA,-0.131462589801672,NA,-0.149942838798282,NA,0.284215754551558,NA,NA,0.417990875594184,0.252861843808599,NA,NA,NA,NA,NA,NA,NA,NA,NA,NA,NA,NA,NA,NA,0.184813706551884,NA,-0.108468227542887,NA,0.278761012692412,0.288801199119043,NA,NA,NA,NA,NA,NA,NA,NA,-0.169452839244558,NA,NA,NA
"92","mega",-0.900130400037915,0.426586746740463,0.972195684275371,0.227180082735035,1.17009854411913,NA,NA,NA,0.744918783146943,-0.909974273116486,NA,1.51476883903149,NA,NA,NA,-0.348099814061588,NA,0.313565516805736,NA,0.374024969589537,0.444209287023871,0.737592816936289,NA,0.22909399582076,0.6479069620336,0.20460550122369,0.478113015167262,0.205487054424878,NA,NA,0.432011492027038,NA,NA,NA,NA,NA,NA,NA,NA,NA,-0.416606068592561,NA,-0.907390779968377,NA,0.279951191044628,NA,0.256634171422604,-0.419618029329369,0.200982677058401,0.783664078715763,0.250690081105736,0.483284307209566,-0.408772202134817,0.572019239719973,0.36166776407705,NA,0.683617530736312,0.0992236597648111,NA,NA
"93","motor_carrier_safety",-0.561012752113055,-0.0302272524630101,-0.0341979954330036,0.134053802161761,0.306380661003026,NA,NA,NA,0.707808270227242,-0.309841805238827,NA,NA,NA,NA,NA,-0.427434613734917,NA,-0.1071777736456,NA,NA,NA,NA,NA,NA,0.0556083124393965,NA,NA,NA,NA,NA,0.771171721071996,NA,NA,NA,NA,NA,NA,NA,NA,NA,NA,NA,NA,NA,NA,NA,NA,NA,NA,NA,NA,NA,NA,NA,NA,NA,NA,NA,NA,NA
"94","national_lab",-0.106410798123243,0.368659631665624,0.213263877393421,-0.451991620175263,NA,NA,NA,NA,NA,NA,NA,NA,NA,NA,NA,NA,NA,NA,NA,NA,NA,0.382405077010178,NA,NA,NA,NA,NA,NA,NA,NA,NA,NA,NA,NA,NA,NA,NA,NA,NA,NA,NA,NA,NA,NA,NA,NA,NA,NA,NA,NA,NA,NA,NA,NA,NA,NA,NA,NA,NA,NA
"95","natural_gas",-0.800361341792742,0.794123044570359,0.896236434611828,0.185465603104902,NA,NA,NA,NA,NA,NA,NA,NA,NA,0.0823950399120277,NA,NA,NA,NA,NA,NA,NA,NA,NA,NA,NA,NA,NA,NA,0.915190075894943,NA,NA,NA,NA,NA,NA,NA,NA,NA,NA,NA,NA,NA,NA,NA,NA,-0.574496870366911,NA,NA,NA,NA,NA,NA,NA,NA,NA,NA,NA,NA,NA,NA
"96","nhtsa",-0.0208109666792693,0.0095689789298683,0.00748289983802519,-0.14092529460981,NA,NA,NA,NA,0.199033049754525,-0.0155602275071337,NA,NA,NA,NA,NA,-0.269726310512143,NA,NA,NA,NA,NA,NA,NA,NA,0.0378956593412465,NA,NA,NA,NA,NA,0.277337284813549,NA,NA,NA,NA,NA,NA,NA,NA,NA,NA,NA,NA,NA,NA,NA,NA,NA,NA,NA,NA,NA,NA,NA,NA,NA,NA,NA,NA,NA
"97","ntia_middle_mile",0.282608544201175,-0.134714089686533,-0.286088468946928,-0.723064374422122,NA,NA,NA,NA,NA,NA,NA,NA,0.63152026083843,NA,NA,NA,NA,NA,NA,NA,NA,NA,NA,NA,NA,NA,NA,NA,NA,0.0380309618923806,NA,NA,NA,NA,NA,NA,NA,NA,NA,NA,NA,NA,NA,NA,NA,NA,NA,NA,NA,NA,NA,NA,NA,NA,NA,NA,NA,NA,NA,NA
"98","ports",0.00915630092033526,-0.480984315387509,-0.342717788337949,-0.00897084697459272,NA,NA,NA,NA,NA,NA,NA,NA,NA,-0.23054987363398,NA,-0.465987991068579,-0.517127978941096,NA,NA,NA,0.794693446519877,NA,NA,NA,NA,NA,NA,NA,NA,NA,NA,NA,NA,NA,NA,NA,NA,NA,NA,NA,NA,NA,NA,NA,NA,NA,NA,NA,NA,NA,NA,NA,NA,NA,NA,NA,NA,NA,NA,NA
"99","public_hsg",-0.403661485690763,-0.0649458178280143,-0.0383187184022111,1.21029456754043,NA,NA,NA,NA,NA,NA,NA,NA,NA,NA,-0.386602259807872,NA,NA,NA,NA,NA,NA,NA,NA,NA,NA,NA,NA,NA,NA,NA,NA,0.48771127162083,0.48931907350356,-0.574225869933777,NA,NA,NA,1.46470408576167,0.176611836204017,0.191760851604984,NA,0.23254268649311,NA,1.11568853785894,NA,NA,NA,NA,NA,NA,NA,NA,NA,NA,NA,NA,NA,NA,-0.147699976096345,NA
"100","public_hsg_cap",-0.4153087892536,0.0256087880406743,0.0317992934606219,0.970131075330608,NA,NA,NA,NA,NA,NA,NA,NA,NA,NA,-0.346247271085655,NA,NA,NA,NA,NA,NA,NA,NA,NA,NA,NA,NA,NA,NA,NA,NA,0.397819532572179,0.435502270455637,-0.563132390703446,NA,NA,NA,1.31866279520057,0.217360493979783,0.22699645187512,NA,0.215702837567399,NA,0.961119483729896,NA,NA,NA,NA,NA,NA,NA,NA,NA,NA,NA,NA,NA,NA,-0.103233850991052,NA
"101","raise",-0.264176435306004,-0.0736077377500886,-0.0526365055585299,-0.251610674017279,NA,NA,NA,NA,0.404476619014215,-0.20268860192906,NA,NA,NA,-0.0307748566998711,NA,-0.287674368714788,NA,-0.383462652849622,NA,NA,NA,0.46206521955572,NA,NA,0.0103460914301534,NA,NA,-0.171799978470748,NA,NA,0.551878522250256,NA,NA,NA,NA,NA,NA,NA,NA,NA,NA,NA,NA,NA,NA,NA,-0.222465332086141,0.0967904400379804,NA,NA,NA,NA,NA,NA,NA,NA,0.276962565484935,NA,NA,NA
"102","reconnect_community",-0.359189011598784,-0.121781317133202,-0.281235495268586,0.393683941210595,NA,NA,NA,NA,NA,-0.295021291723423,NA,NA,NA,NA,NA,-0.255006170156167,NA,NA,NA,NA,NA,-0.442014232436272,NA,NA,NA,NA,NA,0.553345811509482,NA,NA,-0.021817648599464,NA,NA,NA,NA,NA,NA,NA,NA,NA,NA,NA,NA,NA,NA,NA,0.220015940526823,0.36067948255377,NA,NA,NA,NA,NA,NA,NA,NA,NA,NA,NA,NA
"103","rural_surface",-0.640011286918303,-0.260885579580388,-0.0476096629990185,-0.70424485626257,NA,NA,NA,NA,1.16835326547938,-0.281708333751439,NA,NA,NA,NA,NA,-0.781383622236433,NA,NA,NA,NA,NA,NA,NA,NA,0.387391798996232,NA,NA,-0.530893769677967,NA,NA,0.772607231974449,NA,NA,NA,NA,NA,NA,NA,NA,NA,NA,NA,NA,NA,NA,NA,-0.541975548215265,-0.184719902987992,NA,NA,NA,NA,NA,NA,NA,NA,NA,NA,NA,NA
"104","s8_project",-0.109176972688897,-0.336946102774674,-0.335853077115995,0.633004096479999,NA,NA,NA,NA,NA,NA,NA,NA,NA,NA,-0.267726802977014,NA,NA,NA,NA,NA,NA,NA,NA,NA,NA,NA,NA,NA,NA,NA,NA,0.590837072990232,0.214285001446836,-0.0412961735933193,NA,NA,0.791048913106845,NA,-0.127371826825621,-0.135608070930335,NA,0.19483326347774,NA,0.685220602531113,NA,NA,NA,NA,NA,NA,NA,NA,NA,NA,NA,NA,NA,NA,-0.371345469464306,NA
"105","safe_streets",0.223088283410191,-0.172199205237561,-0.254084748501595,0.116887797628338,-0.0197754166839045,NA,NA,NA,-0.258728678290199,NA,NA,NA,NA,NA,NA,0.12794633199389,NA,NA,NA,NA,NA,NA,NA,NA,-0.179671200904788,NA,NA,NA,NA,NA,NA,NA,NA,NA,NA,NA,NA,NA,NA,NA,NA,NA,NA,NA,NA,NA,NA,0.306102775877213,NA,NA,NA,NA,NA,NA,NA,NA,NA,NA,NA,NA
"106","smart_grid",-0.324500491471857,-0.395097342087262,-0.186860980785188,-0.01508222314561,NA,NA,NA,NA,NA,NA,NA,NA,NA,NA,NA,NA,NA,NA,NA,-0.0737230316882916,NA,NA,0.28564148224615,NA,NA,NA,0.079098285089185,NA,0.589765494590408,NA,NA,NA,NA,NA,NA,NA,NA,NA,NA,NA,NA,NA,-0.373608358897147,NA,-0.198003644472143,-0.0911003982569626,NA,NA,NA,NA,NA,NA,NA,NA,NA,NA,NA,NA,NA,NA
"107","tribal_broadband",-0.627857002925618,-0.304412233522668,-0.00117585608899051,-0.931865878439884,NA,NA,NA,NA,NA,NA,NA,NA,0.999809215422734,NA,NA,NA,NA,NA,NA,NA,NA,NA,NA,NA,NA,NA,NA,NA,NA,0.1312324264718,NA,NA,NA,NA,NA,NA,NA,NA,NA,NA,NA,NA,NA,NA,NA,NA,NA,NA,NA,NA,NA,NA,NA,NA,NA,NA,NA,NA,NA,NA
"108","ttp",-0.356185922493423,0.130160125084571,0.219894901389244,-0.948508766986408,NA,NA,NA,NA,0.909475879393958,-0.195685474052572,NA,NA,NA,NA,NA,-0.311565839946899,NA,NA,NA,NA,NA,NA,NA,NA,0.47627322624965,NA,NA,-0.281192804405073,NA,NA,0.550279112781441,NA,NA,NA,NA,NA,NA,NA,NA,NA,NA,NA,NA,NA,NA,NA,-0.632109171608766,-0.46251882339575,NA,NA,NA,NA,NA,NA,NA,NA,NA,NA,NA,NA
"109","usace",-0.44483744186275,-0.0606835357080449,0.0510916196204152,0.332343423155208,NA,NA,NA,NA,NA,NA,NA,NA,NA,0.75440495475669,NA,NA,-0.122243086781659,NA,-0.0647824345476316,0.356426475928844,NA,NA,0.187742552200546,NA,NA,NA,-0.337337625978178,NA,-0.0569427347552331,NA,NA,NA,NA,NA,NA,NA,NA,NA,NA,NA,NA,NA,-0.539861119250472,NA,0.0413038802191625,-0.823217527955382,NA,NA,NA,NA,NA,NA,NA,NA,NA,0.331681545439031,NA,NA,NA,0.0454062759579668
