"","state","GEOID","year","total_state_pop","acp_outreach","ag_acep","ag_csp","ag_eqip","ag_rcpp","ag_reap","ag_reconnect","ag_urban_forest","airport_infrastructure_comp","airport_infrastructure_formula","airport_terminal","asap","bric","bridge","brownfield","buses","capital_investment","carbon_capture_dem","cdbg_entitlement","charge_fuel_infra","clean_hydrogen","clean_school_bus","climate_coasts","coc","crisi","culvert_restore","cwsrf_emerging_combined","cwsrf_general_combined","dac_hubs","dhs_flood","doe_battery","doe_bead_initial","doe_carbon_storage","doe_grid_innovation","doe_grid_resilience","doe_hydrogen_electro","doe_nuclear","doe_rural_energy","doe_weatherization","doi_aging_infra","doi_drought","doi_rural_water","doi_water_recycle","doi_water_storage","dot_tc","dwsrf_emerging_combined","dwsrf_general_combined","dwsrf_lead_combined","elderly","epa_great_lakes","ferry_rural_comms","fhwa_app","fhwa_bridge","fhwa_carbon","fhwa_cmaq","fhwa_ev","fhwa_highway_freight","fhwa_metro_plan","fhwa_nhpp","fhwa_protect","fhwa_protect_comp","fhwa_railway","fhwa_safety","fhwa_spr","fhwa_stp","fhwa_tap","fmcsa_21","fra_intercity_rail","fra_rail_cross","fs_wildfire","fta_5305_combined","fta_5307_5340","fta_5310","fta_5311_combined","fta_5329_e","fta_5337_combined","fta_5339","fta_rail_vehicle","grrp_comp","grrp_elements","grrp_leading","hcv","home","hud_disability","hud_esg","hud_hopwa","hud_htf","indian_health","indian_water","infra","land_port","low_no_emission","mega","motor_carrier_safety","national_lab","natural_gas","nhtsa","ntia_middle_mile","ports","public_hsg","public_hsg_cap","raise","reconnect_community","rural_surface","s8_project","safe_streets","smart_grid","tribal_broadband","ttp","usace"
"1","AK",2,"2022-2023",736990,2458.15411335296,0,0,2520.81167994138,0,0,639542.828260899,6927.15504959362,0,171061.76338892,9270.13935060177,0,27006.9987381104,1747.64922183476,16282.4461661624,9326.24594634934,0,0,12433.1252798545,1904.82638841775,0,535.963852969511,16036.8526031561,13455.7633075076,0,59820.9351551581,3261.91671528786,38633.4685680945,0,0,0,135687.051384686,12049.4837107695,2801937.61109377,0,0,0,169703.795166827,6026.01120775044,0,0,0,0,0,7240.60027951533,30868.8041900161,71644.2285512693,96190.5860323749,4970.83271143435,0,565766.167790608,0,122118.346246218,43124.0410317643,82183.8450996621,25675.2941016839,47662.0198374469,8198.59563901817,994136.779332148,49035.1239501214,68859.6765220695,3324.33275892482,109402.491214263,34340.3845371036,419517.065360453,30262.6534959769,4272.29948845982,11127.095347291,0,5395.42598949782,2105.15746482313,61863.5761679263,1839.98561717255,16542.8364021221,0,98652.870459572,12607.5564118916,0,0,0,0,152018.899849387,10247.5338878411,4659.58561174507,1147.65600618733,1255.05773484036,8207.50078020055,564067.165090435,0,23268.4432624595,230667.987353967,9199.80461064601,0,0,0,0,16917.7532938032,120621.031492965,152614.399109893,27939.4211590388,9504.46410399055,96648.7401457279,5141.75904693415,13568.7051384686,23766.3943879836,5305.22530834882,0,506998.565787867,137124.776455583,748741.502598407
"2","AL",1,"2022-2023",4893186,102.182913136758,0,1105.33709529946,610.85762936459,2554.57282841895,11.7831204454521,16035.600322571,1955.9984026767,0,6055.92654765218,2709.89085638682,0,0,112401.204450434,445.414296533996,0,0,0,17983.8730839171,0,0,5408.04253098084,5450.84531836722,6961.84203911317,25380.1956434928,0,918.011291620633,10871.3402678746,0,0,0,20436.5826273516,8535.04097330451,0,0,0,0,1294.54388204331,1337.59436081114,0,0,0,0,0,773.926844391364,9413.49868981069,21190.4125451189,24464.6044519869,3170.22222331217,0,0,30195.050831912,18392.9243646164,10181.0899892217,5131.31791842779,5851.21186891322,10861.8260168324,1674.46690152387,234704.253629435,11576.6288058537,0,2104.68271592374,24508.8230858177,7787.73339088275,100034.519022984,11862.3197646687,3062.96858529392,0,10935.2520014567,0,631.205108491686,13760.6066885665,2691.92791772068,7530.91114868717,0,0,2731.7316366065,0,0,0,1079.05156272416,108821.519558014,7856.5678884882,948.930410575032,1570.15040916082,4750.84147628968,2231.66051729895,0,0,0,0,6063.03357362667,0,1008.42457245647,0,4635.89448674136,4630.71074755793,5934.29495629228,0,56055.9588374527,41440.4185739107,10312.5558685078,20051.2482051571,0,57527.9921915905,726.692179696419,0,0,468.434471937098,0
"3","AR",5,"2022-2023",3011873,554.472250323968,0,3531.17644734688,1740.39078008933,11283.1228275561,1432.0437813945,29984.6168812563,1406.82259842962,504.791868714252,5803.13578959007,10051.8846578192,0,833.879117745005,65407.8043795339,332.019311571238,0,0,2517.15593585785,17524.6818175932,0,0,10382.2438728326,0,2525.73066659849,1963.89422794387,0,872.878770120785,10332.3015279861,0,0,0,33201.9311571238,0,0,0,0,0,0,1735.09241591528,0,0,0,0,0,1077.10683684206,10585.1076722026,23724.5395141163,36140.9561425731,3554.23718065138,0,0,0,39949.642631014,11211.4737241577,8998.59223811894,6487.17724817746,12042.3922257014,1520.12286042605,258457.648778684,12748.2490131556,5363.95458905472,2690.38402349634,26616.5582014912,8637.0271920496,110789.996789373,12431.4338619191,3531.14556955091,0,191.243123465033,25.2331356601025,518.632757755722,13229.7450788928,2651.02844641856,6130.62602573216,316.189626853456,363.160398861439,3601.69137277701,0,982.777162250865,0,0,88569.4250720399,8796.01829160791,2367.0702582745,1525.83624873957,2769.04205456206,2514.87197501355,0,0,0,0,627.16987070836,0,0,0,0,7899.84305447142,0,2129.12430238592,20611.7316367589,21261.0425472787,24370.3579134977,846.148559384808,0,34764.6969178315,10343.9534137064,10860.0568483465,0,0,36238.9118000659
"4","AZ",4,"2022-2023",7174064,262.213997533337,0,459.949897296707,250.49915919345,5555.75152382248,530.436026218891,11859.257458534,3093.50279005038,33.0356684858122,5496.27338144739,2160.56059717337,0,636.666051487692,58.7672482431158,818.914913499517,2280.15808055239,41590.9315835487,0,15419.0567577875,1797.94479112536,0,62008.6012614329,0,14168.578646636,0,0,378.446582021014,4478.95223683536,0,6194.32472305795,0,13939.100626925,0,0,866.214045483843,0,0,2693.4988313458,627.575945795856,5319.82973667366,53833.6039377402,0,0,696.955031346249,513.830096860022,5650.77200314912,13058.9732681504,14582.9671996235,2299.29186580995,0,0,0,12545.1905642325,6348.03522801023,15915.7446880875,3848.79003030918,7144.65427127497,2173.57219004458,146340.998351841,7218.17076067345,2173.18496182917,901.993486537059,15691.8555507729,5125.72343932254,61650.0251461375,8119.0346224957,2272.2852765183,0,0,1009.13206238472,1179.70121259024,31704.0963113794,2842.18303600302,2495.01454126977,319.992824150997,3848.90279763325,3573.90775995308,0,0,0,0,75372.9205649685,7239.36056327348,594.251040972035,1355.87388124778,2311.08699336945,2468.54293466019,11770.0316027289,37.6362686477288,17766.7776590786,89558.7215279931,8818.05054986964,0,331.819732859924,0,0,3660.26425189404,4220.93767214789,0,5562.8447139585,3178.87281183998,18961.0647465648,1404.72555025994,3484.77515673125,18280.6955722726,6170.23656326456,0,6846.79785404758,20807.8382071863,11737.4893784053
"5","CA",6,"2022-2023",39346023,156.347669496355,0,36.5980826067224,199.090007139985,1434.56839335452,221.445837105316,3777.90489778344,2436.66675028376,31.1340233802029,4824.50749850881,5949.77540677999,0,12754.2366353011,10174.3446853574,216.020206159082,3340.36664900033,66763.835267417,6862.19290828961,19303.3366803044,4282.88353310829,30498.6351479538,8436.57291614962,1460.40172853048,25430.3037437863,7389.97107789013,731.598464220895,730.340649676334,8647.45847375731,0,1270.77646449808,3812.32939349423,2541.55292899615,340.958220860085,0,1002.02035666985,1209.77919420217,27957.0822189577,954.268414878932,440.054132027524,11733.1711009268,12985.0671311812,0,7300.26996629367,4752.70397722281,166.607918670713,5482.79047160624,13138.155538617,10199.4915725028,5118.05243950577,0,683.677737899965,0,29216.9540489518,5478.14870641437,25959.7629473251,3520.3049873681,6534.87525283051,3388.58036554292,126287.5603209,6229.04858770606,1518.45796460801,838.506829521245,13481.4497007741,4674.01678690626,53857.5830904181,6350.86458420461,1234.41342470623,116240.464760568,1639.32603811064,3559.65661383363,1409.90978935787,58206.1897590005,2418.59930799105,1034.65140555629,333.843245097478,32804.5183117999,3916.9217432725,1146.24037097727,130.127509964603,8.42867905607639,0,285318.159957361,10099.1980815952,935.170245795871,1708.69363340737,3744.08361424482,4937.48173735373,74.9834614797028,0,16131.4592074528,2160.31998964673,7325.81386942208,762.465878698846,172.248234592858,8509.11920627912,0,5479.66090499159,2059.16435315457,2388.71659277991,5724.43331820347,5210.76628252873,6126.31220695418,6917.60981789697,635.388232249038,97030.1741042545,7180.61789878992,3321.34157497951,913.596502497851,1398.08086830021,2503.12464870973
"6","CO",8,"2022-2023",5684926,164.470038836038,0,456.651150780151,491.37191935304,3345.22876814931,445.506414683322,6090.17725120784,3902.98959036582,47.3181181250205,26688.7783587684,16746.0403178511,0,2430.87526557074,131.927838638533,1148.17536763012,8198.92273004081,2861.81385650402,0,13046.7015753591,2441.18340326681,0,19863.7590005569,0,12491.2756999827,0,0,565.002956942623,6693.77930337176,0,0,0,17590.3784851377,5747.05000557615,0,4611.19018963483,527.711354554131,0,1076.53116329043,2382.52511994,13122.4223499127,646.174813885,0,0,28144.6055762203,351.807569702754,7605.72784940384,17327.1384711076,20415.8066437452,1891.47105872618,0,0,0,15831.3406366239,5870.86762431032,16375.3405057515,3590.25288983533,6664.72228486351,2479.11336049053,135340.870927783,6675.5970086506,6789.88609526316,1294.37973335097,14052.1466770192,4765.49175837997,57413.7462827133,7110.92809299541,2241.01615394818,0,123.132649395964,5118.00505406755,1094.8144267841,41256.4673665057,2384.19057697497,3006.22259638912,495.793260985279,9463.15026791905,4003.52599136735,0,0,0,0,145950.288710882,7005.8071116493,468.125002858437,1132.48017652297,1467.2592044294,2903.29372800983,0,0.462978761728825,33092.7790440896,0,2201.39453002555,0,338.617776203243,0,16.2188566746515,4549.92466040895,476.870059522323,0,11225.9417272978,7281.16091572696,20757.7954400814,6591.99433730536,8739.41490179468,83244.8037142436,5714.96796967982,1178.4825343373,11685.6497340511,809.614408349379,0
"7","CT",9,"2022-2023",3570549,140.034487693629,0,4.63066043905293,315.107844760007,0,513.203151672194,0,4464.72993368807,0,5530.51365490293,7001.72438468146,8290.04167146285,17293.1815247459,44572.9774328822,1582.38971093801,5711.72668404775,0,0,22393.6249019408,4103.79468255442,0,21119.8613994655,0,38260.1964011697,1504.67057026805,0,1378.2194278807,16322.6887517858,0,0,0,28006.8975387258,0,0,0,4173.02773327015,0,0,1977.38779106518,0,0,0,0,0,236.859373726561,6371.56919006013,14787.9443749407,23020.4094664434,8032.0536141641,0,0,0,67869.2296338742,8607.95804790804,27271.3711532876,5308.53686645947,9854.43807100813,3444.36639855664,198438.225326133,9787.8312270746,336.08277046471,780.879915105492,21720.360650421,7076.43810517654,86306.8295659855,8300.21097595916,1922.46514471584,522692.61673765,0,0,1127.92346499096,89109.9346347018,2838.59512920842,1281.8334099322,0,54641.3811993618,4860.07473920677,0,0,208.170508232768,0,232367.987668003,10214.5238729394,1160.12383529816,1970.96356890775,1218.58907411717,3985.57756804346,0,0,0,0,7404.21711059,0,2023.1961527485,0,2800.68975387258,9744.65103265632,0,4909.60913853864,39869.2178709773,23136.4316803942,29993.8620083354,6120.29130534268,0,124527.670114596,3031.80743353473,0,0,272.600376020606,17644.3454493973
"8","DC",11,"2022-2023",701974,8119.95885887512,0,0,0,854.732511460538,0,0,12985.1817873596,0,0,0,0,955.518295549408,0,2844.24921720747,0,0,0,43693.4473356563,0,0,10862.2256664777,0,66273.7280867952,22393.9918002661,0,2155.35048306632,27171.9465393305,0,0,0,142455.418576756,0,0,0,0,0,0,2170.16442204412,0,0,0,0,0,0,21646.1008527381,62659.0158609863,81199.5885887512,6519.41952266038,0,0,0,128209.876719081,14196.8249536308,31673.0833335708,8577.87895278173,15923.4416089485,6737.69541322043,327278.836538105,16142.8072834606,1424.55418576756,3490.15775513053,33620.5343787662,11354.2510121457,140634.241439142,15398.1557721511,4198.80650850316,525404.074794793,0,0,2210.16732813466,102069.82594797,682.778849359093,0,11191.6780393576,394377.026784468,4329.44809921735,0,0,2136.83127865135,11196.9959001331,826707.721368598,17387.6368640434,3281.50187898697,3781.86371575016,67609.659332112,8616.90888836339,0,0,48488.9753751563,0,87738.2923014243,0,2849.10837153513,0,0,15568.3586571582,0,0,183662.772410374,69515.3039856177,74789.0947527971,2849.10837153513,0,405626.426334878,0,0,0,0,8924.83197383379
"9","DE",10,"2022-2023",967679,0,0,178.98083972061,792.747388338488,0,0,0,0,0,0,0,0,0,0,516.70026940752,11367.4059269654,0,0,15735.5321341065,0,258350.13470376,836.021035901368,174.644691059742,18597.0595621069,0,0,2037.86586254326,24135.7102923593,0,0,0,103340.053881504,0,0,0,10334.0053881504,0,0,1670.00627274127,0,0,0,0,0,304.853158950437,23509.8622580422,54564.6645220161,73259.3142974065,5273.39851334998,0,0,0,93006.0484933537,10869.8080665179,26524.3546671985,6596.93865424381,12246.1456743404,4907.02805372443,250581.228899253,12359.7494623734,15527.5819770812,2531.83132009685,25881.99082547,8742.76180427601,106678.352015493,12787.942075833,3091.86207409689,4464.29032768098,1653.44086210407,0,1603.30026796076,77057.8693967731,3004.25347661776,2813.63448002902,0,22044.7049073091,10523.2447950198,0,0,0,0,109433.71717274,9992.05521665759,3442.44837389258,1355.01752130614,4254.1152592957,6250.88071560921,0,0,0,0,9032.67302483571,0,2254.08839088169,0,0,14306.2699510892,0,0,26931.2881647736,15014.0304791155,51670.026940752,2418.1572608272,0,123687.438706431,434.028226302317,8256.85687092517,0,0,0
"10","FL",12,"2022-2023",21216924,40.7379976475384,128.657339772721,140.512498418715,155.769846750641,1896.78305865638,314.410986248525,0,1375.31981544544,38.8840531266455,7192.47299938483,7554.21709574866,0,6207.37784610059,4760.35074641357,253.382629828905,960.119996659271,1533.60590818914,222.450813322421,14422.2523019831,0,0,5254.29605158599,2988.95037753823,9850.2922006979,2754.83547945027,0,639.206701216444,7568.70930017942,0,1618.86247035621,0,4713.21856080552,4588.28004474164,0,2766.02550869297,0,0,298.556190331831,332.706428132561,0,0,0,0,0,42.0823961098225,4103.04528592363,9395.19838031187,19846.1138853116,4160.07966093483,0,0,0,4965.19354077905,5861.42223066831,1410.55857107279,3369.98393358057,6255.82850746885,2600.47488504931,135123.129111458,6664.85702640025,1537.82395600795,932.759621517238,14389.0767106485,4458.28339678268,56403.8389353707,8017.0258893325,1560.9540760951,0,756.000257153205,23.5660928040276,1256.75079007683,33721.1209787055,3343.20220028125,1127.50910546694,136.073589178149,7289.36041812659,2859.64129390292,3379.37770809755,0,0,0,130195.112967365,7273.76861980559,958.26581647745,1258.91627834459,5540.95079946556,2645.80025832208,0,0,9754.61438236758,0,2736.39840534849,0,46.7564478243877,0,618.611208674735,3350.69183449967,132.539759297813,2033.853964882,13656.1921040015,7689.57691510796,5520.74400605856,10164.8578747796,0,37291.9746048013,5301.77296199958,2536.9019090609,23.5623222291789,29.6145661831093,52792.8900532424
"11","GA",13,"2022-2023",10516579,95.0879558837527,0,499.153669648657,491.232462571717,3359.38787698928,287.63441039144,4370.76001616115,1667.75716704073,0,10498.3717613874,4706.85381624576,0,0,73.4079019422571,380.351823535011,0,1547.00497186395,0,15719.8679342398,581.944660901611,0,16107.5141450466,39.9369414711761,9168.30235383579,0,0,646.027572274216,7648.40733854612,0,147.208231878446,16946.4393316496,9508.79558837527,0,23689.2036849626,0,570.527735302516,0,602.329331620102,862.415144696769,0,0,0,0,0,312.958234802401,5355.73402719649,12708.980743643,12189.6978095253,2357.41071312258,0,380.351823535011,2626.32962677312,8557.91602953774,7785.31393146003,14220.5556578808,4633.38895661793,8601.13493180625,1968.70579301501,179474.526269427,8852.45972097961,142.631933825629,1699.32399119524,18651.591168573,6165.19468926159,74851.1000582984,10714.5930249751,2625.67855953918,0,306.036782493623,131.182678321534,997.074714125192,26342.0177797362,2248.95167905837,3217.11204755843,345.827098336826,16147.0972642339,2424.1264198177,0,0,71.3159669128145,0,131142.917387869,8107.35629903983,470.907697265432,1378.15243911542,7398.6233546099,2710.80957029848,0,0,1433.27093344708,0,5069.38273368174,0,560.535797810296,0,799.397123342106,3912.42608456609,1423.65668531563,0,21065.4070111583,15907.7407206279,9520.05095953732,21750.9097777899,1141.05547060503,50684.3093176973,4113.41958254676,0,0,0,5134.74961772265
"12","HI",15,"2022-2023",1420074,767.565633903585,0,400.495326299897,950.815239205844,4565.66347950881,49.9882400494622,0,29988.2259656891,704.188654957418,68835.5522317851,7886.91293552308,0,5865.41123913261,0,704.188654957418,8450.26385948901,88023.5818696772,0,18496.5875017781,0,0,3513.90138823751,16880.8104366392,23008.9403791633,0,0,2191.43509422748,25946.9929031867,0,0,0,70418.8654957418,0,12622.5816401117,67118.8374690333,0,0,0,407.692838542217,0,0,0,760.695569385821,0,0,16020.2919002813,37181.921505499,49920.9900329138,4721.75745770995,0,0,0,102600.658838906,7459.17818367212,16054.8760135035,4494.68478403238,8343.65321807173,3281.76700650811,171956.12693423,8481.6192677283,3701.15078509993,1725.26220464567,17773.1294284664,5955.64245243558,73242.8401618507,8738.40447751314,2054.0133824012,0,0,4269.09231490753,1092.53461439333,64114.5567061998,2644.77344138404,2762.66659343105,644.031226541715,2004.78003258985,11109.6604824819,0,0,0,0,278434.116813631,8843.32154521525,1594.47465413774,1623.38300680105,4459.84645870567,4796.11344197556,0,0,52556.4160740919,0,44495.3446088021,0,0,0,0,11308.4444895125,26306.3438947548,33326.6435411112,42610.7435246332,21075.1101703151,70304.0897868703,13482.1319170691,0,49432.8851876733,13119.3163173187,0,12171.7340082277,1247.61737768595,0
"13","IA",19,"2022-2023",3150011,26.4233997913023,3051.03950430649,1623.54036224,1223.96334488991,19449.6349377828,30.321481417049,4842.53483559264,4993.86922775825,0,6919.07234609657,12386.9453154291,0,4403.9027165302,95.2377626617812,1315.04302683387,11673.4246324854,0,0,24057.2229747769,0,0,5536.48860273821,0,8181.1349230209,5153.54676539225,0,1726.02571864035,20439.9667175765,0,0,0,31745.9208872604,0,18412.634114611,0,0,0,3009.51330011229,3807.55146569329,0,0,14338.5743732323,0,0,93.6504666174182,11245.992474312,25889.1032444014,30552.0742625978,902.203516114706,0,0,0,59307.8436868951,10175.0108174225,7892.14450362237,5887.80515369629,10929.7548484751,1678.00493395102,234564.114538013,11569.7167406717,22069.5737252981,3651.74089868258,22945.8741572648,7808.88352453372,100594.457289197,11235.5687011887,3751.49832810108,0,2462.48727385396,0,535.080988606072,21288.3323264585,2432.15785595669,5891.50799790858,0,79.5397222422398,3946.62304353858,0,0,0,2380.94406654453,78180.2603229005,8409.67983921326,376.517097876801,2091.59841029127,1176.19335297559,2523.97404326525,1529.02386690078,0,10793.6131016685,0,9687.14426711526,0,1269.34794830875,7777.7506173788,0,6068.28515836929,19361.8593712847,0,6229.08904127636,7449.53462067275,18997.3939773544,621.585130972559,18190.4126684002,36657.0256421327,7884.02929386596,0,134.809687966169,156.808976222623,0
"14","ID",16,"2022-2023",1754367,159.967099244343,0,980.513769353847,1417.09744882342,5256.91659726842,4098.97301989835,12975.9759503,3258.09251998014,855.009242649913,5718.51214711631,3511.23795648231,0,4037.27156290559,0,0,218.882366118378,0,0,14447.6902495316,3535.66614055098,0,2926.98164067154,0,4254.64854275075,0,4007.11481691117,1124.05215100375,13312.8473118794,0,0,0,57000.6161766609,0,0,3542.17504091219,0,0,0,2820.12999560525,38806.0194930707,0,0,2280.02464706643,0,309.432974970459,12967.6401801903,30096.9409479316,40408.5918168775,1016.75077107584,0,0,0,51300.5545589948,10413.886034108,16075.6990983073,6152.57297931391,11421.2527937427,2459.295004979,240070.245849358,11841.3028744841,0,2235.42622495749,24986.5375944714,8186.89305031387,103779.424715581,10675.9452269679,3510.15038472566,0,20520.2218235979,503.796526040446,884.353159857658,17524.2819774882,2820.43266887715,6721.64490098138,0,0,6013.62998734016,0,0,0,0,62234.2126818391,7822.72922370291,611.205637132937,1265.49290997836,0,3447.8794915773,0,3.18120438881944,0,25650.2772794974,9910.38363124705,0,587.676352781374,0,0,6038.47199588228,3539.58607292545,0,1335.70512897244,1955.07553436653,23660.1076057632,6213.06716325604,0,35414.7153930734,1432.04472040343,11961.4749935447,285.003080883304,4293.76749562663,3477.03758677631
"15","IL",17,"2022-2023",12716164,127.396909948629,73.1245680694272,385.735509545174,222.34150172961,1612.41369645752,2765.67068496443,9579.98324022874,1835.44243374024,0,782.391922595525,6491.69073314877,14554.7037612915,2208.01336000385,11327.9444964692,566.22193611218,5073.83633932371,20877.0610382188,0,25232.7897784269,1176.65248733816,26213.3559302947,42569.9796731153,0,20395.7011721459,1147.04473770549,0,1429.04731332499,16920.0444410752,0,532.723233201459,0,7864.00678695242,1394.83668187985,0,0,0,0,0,2654.97881279291,0,0,0,0,0,97.7385161122489,6306.61888286436,14157.4652544588,30634.5026692012,8902.29789423917,0,0,0,46754.4402541521,6887.4369660536,19055.615042398,4219.33878801815,7832.51812417644,3575.73502512236,158775.805109151,7831.50932938581,709.821924284714,1782.41661557684,16221.4359613481,5582.55327628678,67995.8666780328,7701.57116564398,2186.4094391988,7360.71035258746,1887.36162886858,4.63583200090845,1374.62791451888,84230.2356276626,2387.73682063239,1962.15195085562,575.912201195266,61201.1977826017,3258.08978242181,31310.5430222511,0,272.339991840307,438.811578711945,202334.825345128,9580.15915806056,2011.86065231622,2228.75514974484,3335.87621235461,3793.50297778481,0,0,7470.8064476048,0,4099.20719801978,9200.88794073433,67.8270585374646,24921.0375078522,0,4177.14367320208,1144.82166162689,629.120542956193,42557.5561938333,26506.1859850188,11890.3606464969,9477.93933768077,4156.96415994635,103317.058823714,2232.72623725205,5706.84154435253,0,0,87249.5038598118
"16","IN",18,"2022-2023",6696893,107.321260769733,649.82507559849,609.434554202971,555.709341630514,4800.47389140009,325.712983617925,0,3877.57875181819,223.984465632048,1526.7291862062,3765.92548216016,0,929.525826379487,0,1018.70374814112,6253.41109675785,35532.9834297786,1968.85943974318,19963.6371672655,633.915906973577,49774.3256462362,6691.85471531351,45.8421539660257,8952.91174579017,1613.07310718568,0,1445.74506416632,17120.1137602169,0,0,29864.5954176063,14932.2977088032,14669.5742339022,0,0,0,0,0,2559.47437117481,0,0,0,0,0,89.2740857588736,5406.23838547219,12778.9080697571,19371.4697248411,3226.77172832237,206.969709684775,0,0,22261.8960762849,9052.68428209918,15484.7165693106,5369.4523714206,9967.51732482511,2082.71059430097,208691.163947222,10293.5506062289,525.616879349872,2361.8324198998,21302.0057211605,7139.41659214206,85526.3321364101,11430.4546899585,2668.06651980254,0,3161.49757805597,7.46614885440159,903.979800782243,33326.1366129039,2769.12636949702,3602.9288507372,0,9020.23415933329,3043.02024834502,0,0,52.841369871073,0,85713.7554683941,8741.37678472689,1043.64680755688,1748.53368569574,2201.66605618456,2558.93830168707,0,0,0,0,3894.39341497617,0,658.484613685779,0,1123.65749310912,5121.17798507457,1744.70295404152,0,13185.2218633327,12444.5316656545,12112.8290387796,353.596809744459,0,57835.8356628962,1772.01248399818,378.055465422547,0,15.4190906141102,0
"17","KS",20,"2022-2023",2912619,274.666889146847,649.139142469372,2185.22951336924,1138.39056876303,10296.8661537949,1446.85281528411,21049.5238134476,429.167014291948,0,3557.64348169122,4844.82316430676,0,700.280400560458,21630.0175203142,171.666805716779,1783.2747777859,0,0,17820.0780809299,0,0,18397.5315686672,0,9276.23146041415,16125.1529980406,0,1245.27100866952,14743.3804421382,0,0,0,34333.3611433559,0,19913.3494631464,35417.2591746466,1716.66805716779,0,0,2183.7507755048,17166.6805716779,0,0,0,0,186.38174096921,8944.18391145564,20631.860878474,26662.4608299266,1187.58581194451,0,0,0,30900.0250290203,8435.53035944626,7191.11287813476,4896.29539599927,9089.17781556736,1782.08821682479,194463.94670913,9591.80277269358,0,4547.66071360518,17502.9294940396,6457.02476019006,80493.5503064424,12218.4504736116,3754.14429419021,0,9425.61316808,116.802094609697,757.326996768201,20142.234188543,2308.70670005243,5744.17525944863,0,178.240271041286,4020.13067963918,0,0,257.500208575169,0,56274.9182093504,8273.92528854615,606.027084215272,1557.82338850361,1019.7379059877,2648.24544507881,122.003598822915,0,0,0,4990.78629920357,0,677.112591794533,0,199.408161520611,7089.89503948165,14596.5603465472,0,20042.5754278194,21486.4354040127,30244.2121678119,343.333611433559,0,38050.3268707648,4957.74902244337,4076.38348853729,1531.03341013706,893.774640624126,0
"18","KY",21,"2022-2023",4461952,20.2153676238561,0,568.118393026191,799.588386428182,10249.2604133796,135.859148641671,17376.9040993718,3255.35774477179,0,10628.6856066583,3641.44437232852,0,0,310402.263403999,1008.22689262457,4986.0531892768,0,0,19730.2691736711,0,0,7575.83676381996,0,11768.8946452136,7752.32454315959,0,1146.13514443903,13569.9532401962,0,614.99249655756,70862.8364895006,22411.7157692418,2017.05195394303,0,0,0,0,1419.65758484179,2557.24960734674,0,0,0,0,0,595.311200120485,7665.03091023839,16993.0133717261,22021.3776392036,2348.49299140824,0,0,6172.07244721593,42380.5052138616,9733.5666094122,6757.53593942741,5619.55440130239,10431.7915118764,1512.92730177286,224387.51828796,11067.7627190969,5488.62919188732,1775.88553171347,23667.7882236295,7488.12246299377,97001.5668030494,9976.69853911472,2728.94038304312,0,0,184.250077096302,563.18467791675,21171.5334454517,2453.09205477782,6767.69898017729,0,0.877642789523509,3093.46940531857,0,1649.5022806162,336.175736538627,0,118476.073028128,9549.35866634155,1073.29617172036,1722.22897063886,2754.20152435526,2482.17596244872,0,0,3884.36495955134,0,2118.14918672366,28014.6447115523,591.076282308729,0,0,4437.0687985886,0,1101.00489651166,31695.7685784159,28743.6476232824,12154.4427192404,7011.5052784073,0,61096.7381540635,12330.0851286612,567.419147494191,0,0,104772.978283944
"19","LA",22,"2022-2023",4664616,195.042850258199,0,1060.49608370764,502.09749312698,1786.49925310036,11.0118389166439,0,5560.44441814717,300.131886526136,3421.56824913348,3773.08657347143,0,10905.9896891834,12.8627951368344,1366.22178545887,0,0,3244.12041634295,21647.0318242702,0,128627.951368344,75995.1192123853,5166.48465811548,24647.2828631553,16744.0243741393,0,946.91610198996,11211.394464196,128627.951368344,28919.5878074422,68563.1164494569,21437.991894724,14659.4669314687,53451.2343566973,11754.0603556649,0,0,0,845.075135873993,0,0,0,0,0,1044.51256009069,7084.3988015305,16209.4157375441,27595.4483713129,3130.95804670738,0,1120.12757320217,0,93930.8358930296,9847.89744750693,5400.88444579361,5678.16772055835,10540.597125251,2456.06455065111,227023.178971216,11197.7648320891,0,1940.11854351998,23802.417390842,7544.21542952303,99516.6103704999,8718.2241796538,2304.70718275631,0,0,18.3639982369395,791.725835524296,21782.8852364268,2789.84079289699,3734.23793083932,261.701499115897,3180.36704414683,3436.59520955208,0,0,0,0,188152.658225243,9124.97706134867,2244.65465110097,1878.77372971323,6128.06241714216,2876.30728874574,0,0,61278.2754250296,0,16790.0768251878,32156.987842086,1247.00039617409,0,5872.05784999237,5950.71341349427,586.896756346074,2143.7991894724,37780.173544832,23507.6625814429,23565.6692855318,16860.4914102254,5359.49797368101,42045.9632690022,1629.75901982071,542.766435650866,0,1552.10032294191,27708.6045239308
"20","MA",25,"2022-2023",6873003,36.3742020773161,0,22.8856294693891,175.293390676535,0,293.11568756772,0,3318.31107886902,0,8886.78995193222,12294.4803021329,9690.51388454217,8947.50722500776,57412.0948295818,907.900083849811,7856.82764870028,7043.50529164617,0,28976.175188633,358.302186104095,0,21756.4686062264,0,29624.304834437,15726.0632652132,290.993616618529,1985.0129557633,23500.8947326227,0,0,0,14549.6808309265,0,0,0,14476.9324267718,0,0,2395.14677936267,0,0,0,0,0,86.9865763189686,7488.13873644461,17170.878581022,19164.3550861247,9193.71503257019,0,1577.05940183643,0,70865.0832831006,5292.13722153184,20309.2950781485,3334.78248154409,6190.4828209736,3485.22559934864,121999.424123633,6017.53920375126,538.647807952361,748.307544751545,13085.4099729041,4418.71362488857,52349.6158811512,5814.4339526696,1798.19039799633,0,0,0,1433.00097497411,115479.996153064,2630.71891573451,820.915835479775,663.952132714041,63820.687987478,3708.81636454982,0,2909.93616618529,109.122606231948,1108.6856793166,467916.807252958,11125.3415719446,2356.29869505368,2554.83403688315,3366.2466028314,3973.91402273504,0,0,0,0,24176.8928370903,0,414.118544688544,0,3095.45318109129,3591.51581921323,0,4923.02316760228,57360.9323319079,33190.5626987214,10983.424567107,50201.9997663321,0,352422.220534459,7693.57833831878,10862.3186982459,1328.48654365494,315.762411277865,0
"21","MD",24,"2022-2023",6037624,452.164626349703,1330.16911950794,1.8624876275833,231.63085346156,5767.76990418748,0,0,5690.87591410131,19.0472278498959,2977.58041905226,6293.86659387865,1177.53275129422,0,92.7517182255801,379.543840424644,4140.70170649911,17040.0543326315,0,17145.6584576979,2484.42102389947,0,2339.496464172,0,19013.8537941415,2647.45154716491,0,1609.40793928208,19057.2549731484,0,0,0,16562.8068259964,0,0,5559.64001733132,3561.00346758924,0,0,1194.1180835375,0,0,0,0,0,497.919380206518,7213.76488499449,17079.1357659901,17561.8190201973,6958.0137815803,0,1335.16926526064,3685.46467948319,29193.8520848599,6067.56399537301,19574.2273781872,3756.1335386238,6972.65248713732,3060.63875458293,139875.308896347,6899.25523682826,0,799.602459510562,15061.0915817216,4990.61468551205,59852.9797483248,6833.51878156043,1959.77523608625,1151152.61500219,254.119832569898,0,1365.17875243639,93341.0753965467,2640.69889082195,1682.05356941737,431.595442180566,50990.403344097,4882.26693149491,35394.1121540527,0,363.738947639005,3312.56136519929,262164.5708643,6940.6771604194,2171.16335830121,1491.80737323159,5101.6487611683,2756.66089839314,0,0,0,0,9379.37357477047,0,298.244143722762,0,0,3707.70736965402,2557.10607351501,0,31953.8563514389,11665.8445441452,9772.05602733791,2378.87602805342,0,119699.510767812,11807.1873968965,0,0,0,6212.21195622649
"22","ME",23,"2022-2023",1340825,916.747524844778,0,452.824194059627,735.720918091474,8866.28158037029,124.141480058919,0,0,0,9376.42496224339,11339.1568623795,0,7001.34021964089,0,7512.42705050995,5856.33471929596,0,0,26544.6594447448,11187.1422445136,0,9949.09850278746,4366.71452277516,25428.4996177726,2400.21106408368,26192.2853467082,2320.21330151213,27464.9786512035,0,0,0,74580.9482967576,0,0,0,0,0,7458.09482967576,5702.21318964071,0,0,0,0,0,3962.11287826525,16967.1657375124,39379.5461749296,52871.5529617959,5515.32079130386,0,29900.601495348,0,67122.8534670818,8667.96338075439,16902.6629127589,5195.45876605821,9644.52631775213,3661.11684970074,199822.207968974,9856.09531445192,0,1900.98707885071,20757.1860608208,6886.74883001137,86681.5483004866,8585.03906177167,3018.2067010982,20503.7943057446,0,192.606044785859,1157.10849663453,25996.3559748662,2643.17192773106,7888.25536516697,0,19623.5996494695,6734.38368168851,0,0,172.746629873399,0,182792.969254004,9205.16771390748,2323.62687151567,2317.89457982958,1096.75386422538,4511.28670781049,0,0,57501.9111368001,137974.754349002,1526.9755560942,0,400.425111405292,0,0,12476.2702067757,22386.5694628307,0,28014.8669662335,18002.5118863386,58628.3057073071,16706.1324184737,20644.0064885425,333644.52930099,1670.72809650775,22603.0951093543,745.809482967576,5333.1754703261,0
"23","MI",26,"2022-2023",9973907,126.74321106062,0,396.253343850108,273.152135868121,2963.70880538589,817.992487798412,12021.181869853,3303.58975675229,372.070844454435,980.995311065162,7571.04212020425,0,2068.43657154614,0,656.209748095706,3020.52204818032,0,0,24319.5521073136,802.092901006596,33420.537508521,22939.3190652369,147.885878623091,16536.8415807366,2043.83297337743,0,1732.11961972375,20509.1866206493,0,0,0,10026.1612625825,0,0,10026.1612625825,8020.92901006596,0,0,3915.67286520719,0,0,0,0,0,360.35116429299,5466.76442842308,12544.6647938466,17703.6511369115,2455.94950905397,2702.68291051842,1667.17866930181,0,24390.2667229602,6561.0114471691,16330.9814298449,3983.7304478576,7395.1494634951,2766.74085691796,151250.733438762,7460.3402658557,5102.32930786301,1610.07577070851,15540.4965175633,5281.97595987209,63092.3736305141,9017.43549443563,2269.77572580133,0,2445.22031336366,0,1045.45620888585,26617.5496723601,2800.88364569672,3180.81399796489,128.921294333304,718.2090228032,2928.59588524337,0,0,0,1339.49514468102,95942.6311073484,9046.57322351211,557.669426835442,2134.59329428277,2205.01013293988,2741.42800810154,0,0,10493.0847059232,0,1072.72275548589,0,131.99982714898,2977.76989498699,0,4282.86287409738,6141.69612770602,2715.24348482495,15368.8459296843,12932.2662623584,8388.82325652325,3619.2205321345,1443.76722181187,94273.8763254961,9931.06302274525,2553.94831734445,300.76979863558,2228.6386869258,51796.0514370146
"24","MN",27,"2022-2023",5600166,159.532949558995,167.401287747542,1063.49008225828,530.947832617819,6249.81473763456,165.180639288193,23555.7431690418,5970.97853885046,97.5685363612436,11561.9695916157,6114.90802236934,0,622.358694367274,48.1414300933222,357.132270721975,1972.73473679173,129967.322932927,0,18731.6022417907,0,55057.8916767824,17827.9777778016,31.2490736881728,13194.6360161467,468.37897305187,0,1318.88947577625,15613.8889454348,0,0,0,17856.6135360988,0,20713.6717018746,4680.98177804015,4089.16449976661,0,1347.5791610463,4247.49177077965,0,0,8065.23717332665,0,0,526.993306984114,6182.49530460347,14328.6556148514,18281.1080957243,3464.92336120036,17856.2205120348,0,0,23273.0736910299,7396.5319956587,12665.3445630005,4394.19188645479,8157.10445011808,2175.71032715816,170511.954109932,8410.38694210136,2909.91374184265,2322.49919020258,17012.1349974269,5825.96623028675,71130.3641713478,10162.3621514077,2470.70622549403,0,1518.62694784405,164.2888800082,946.795862836923,46575.6747210708,2219.88116066559,4207.06279063871,300.086640288877,11210.6092926531,3712.9331523387,0,0,127.558897361257,0,121886.446937466,7176.07192358227,1572.92015986669,1628.47369167271,1662.72214073654,2746.17734545726,411.464588728263,0,105163.150520895,50891.3485778814,6001.88244419898,0,0,0,0,8239.46575869358,886.287835039176,0,17310.6690051688,16740.8714313111,27106.9312945366,1607.09521824889,9162.15697891812,100952.346948287,4279.95134429944,4464.15338402469,9374.99495550668,4169.88014283862,17.8566135360988
"25","MO",29,"2022-2023",6124160,273.506897272442,224.364647559829,834.947976538823,746.980483854112,3382.02888232835,10.9665652105758,37633.8276596301,3429.04169714704,434.345281638625,6080.62003605392,1963.76923529104,0,1530.82218622636,0,491.659264290939,848.116313094367,3987.82837156443,0,20934.3300958825,589.584204201066,0,20711.4118507681,0,10928.6669518758,2090.87613648239,0,1818.69840108684,21534.7263951301,0,1157.19739523461,32222.9484533389,16328.7699864145,0,9470.68659212039,0,0,0,0,2473.08626815759,0,0,0,0,0,531.355973717212,6380.63015989132,14627.2794962901,20607.9201065942,4222.76491796426,0,0,0,34187.5346169924,10049.294923712,8471.30202346118,5833.60967055074,10829.149956892,2261.72046452085,231665.989784721,11426.7684057895,0,1979.23078430348,24289.7612080677,7759.17170681367,99549.8355692862,10898.4904052148,2828.7309606542,0,326.575399728289,40.8219249660362,932.629781063852,29715.4114196886,2450.02351342878,4347.1135633295,436.824478785662,7550.42895678754,2801.66030933222,16026.6877416658,2965.30462953287,302.039463371303,0,97238.8332440694,8839.35037621486,1619.27496995506,1827.34693411015,2605.06420472359,2745.60494827046,0,0,15166.7508686906,0,1356.86118586059,0,49.3479922144425,0,1632.87699864145,6668.89548934058,5511.33951431707,1431.83718256871,18621.4591062284,15593.0815001568,16229.418728446,2141.42347685234,0,47509.8919688578,2011.98580703313,9634.58400825583,0,0,2088.44968126241
"26","MS",28,"2022-2023",2981835,603.655131823189,0,3442.46043124452,1771.00946229419,15370.8481522284,75.960943512971,24496.0582996712,5638.30661320965,561.399272595566,6080.5312835888,5316.309587888,0,105.639648069058,0,1706.70409328484,0,0,0,18934.0895790679,0,0,26327.7478465442,1180.14578271434,4523.11647022723,37385.8526712578,0,1213.68217892673,14374.0850851908,0,741.106063883481,0,33536.3962123994,3018.27565911595,0,0,0,0,4248.68881074909,1410.30942355965,0,0,0,0,0,1898.99843552712,8663.79259751126,20594.8082305024,24857.7872350415,2789.96959925683,0,0,4520.70620943144,30182.7565911595,10581.7894014927,8281.06082328499,6120.98791515963,11362.6213388735,1519.69575781356,243941.56115278,12032.2526229654,1609.74701819517,2559.99242077446,25100.9465647831,8147.20935263018,104164.689863792,12136.0977384731,3439.64069105098,0,0,83.8409905309985,520.310479956134,8903.05633946882,2222.98014477662,7404.79738147818,0,119.494874800249,3304.73584219113,0,0,0,0,127865.808134924,8839.75404407018,1258.39290235711,1677.784652739,4452.00656642638,2492.95215865398,0,0,0,0,5677.61965366964,20121.8377274396,1176.6539731407,0,1626.8505802635,9140.66271272555,918.108480180828,2053.50899697669,19843.4853035128,16766.539731407,14714.5070065916,3416.68804611925,11737.7386743398,79667.3025167389,834.255081183231,0,0,1898.60069386804,12416.4164013099
"27","MT",30,"2022-2023",1061705,470.940609679713,6186.04037844787,4613.81645560678,2654.47935160897,29458.1395020274,1078.35886616339,88455.3034976759,2249.59004619927,423.846548711742,36340.4081171323,26655.2385078718,0,5868.61510494911,226.051492646262,5131.55631743281,1295.95320734102,0,0,16026.235159484,0,313960.406139182,93535.0450454693,0,7953.69994489995,0,0,1857.38976457679,21998.2198444954,0,0,0,94188.1219359427,0,0,5853.1089144348,0,0,7108.06391605955,5689.61434673473,21212.9791232028,0,206328.499912876,0,2825.64365807828,2831.53041569928,21427.797740427,49732.3456138946,66771.3724622188,3357.39871244837,0,0,0,84769.3097423484,24903.9478951309,30862.0040406704,14583.8034105519,27072.4655153739,4512.37584828177,574109.699963738,28317.5731488502,2767.15283435606,3913.59746822328,61185.6570327916,19450.529101775,254794.329875059,18916.3477613838,7057.08836258659,14034.0301684555,376.752487743771,13733.1292590691,1461.30987421176,14507.3217136587,2657.62806052529,14215.3093373395,0,0,8406.85689527694,0,0,0,0,81810.5255226263,8536.16211659547,1461.94093462873,1396.90968771928,1424.6085306182,5697.29444619739,3604.14333548396,1289.98638981638,32441.8562595071,0,50797.1300879246,0,941.881219359427,0,0,12673.3876170876,11073.2265553991,0,10135.0054864581,8578.94895474732,80771.6145256922,93241.4917514752,46424.9692711252,46152.6770618957,15724.8435299824,1294.64964373343,120257.723190528,50484.9294295496,2481.85701301209
"28","NC",37,"2022-2023",10386227,115.537624971994,336.214488668503,491.304012515806,290.390052133465,2455.01788089168,207.561899041875,6455.2611838736,885.647694778864,0,4724.22468717466,6932.25749831965,0,8977.24679038885,23300.0877026855,433.266093644978,4672.17267637228,2349.63091024296,0,15036.8989624432,547.526739016969,0,35555.5113517161,1940.91174783682,6135.2909964321,1222.87843314035,45.444799155651,698.328661601561,8266.79216620241,0,475.489222409639,14409.3049381647,9628.13541433285,0,0,0,953.185406018952,0,1336.49216409385,1129.08922556767,0,0,0,0,0,109.829873735669,6494.75502509237,14823.1364479132,20894.2458122666,2670.26726837378,0,168.034166786457,3167.99478771261,19004.5530489561,6390.131565582,10860.9181178112,3789.51894658185,7034.62730017359,1492.41298115283,147311.444184688,7266.03751294864,353.217775810215,1380.64149762951,15323.2481824247,5043.90516402155,62574.4413250356,7657.28507570651,2264.09214818817,105483.540846931,117.463252054861,346.956021662149,721.36599748879,22267.6933596772,2376.22969341995,4265.76571068589,163.315417619892,783.968807922261,2310.74335271124,0,0,0,0,91670.9796541131,8050.92705946057,905.2181316661,1317.07837696981,3190.08115266497,2793.21027741835,0,0,9628.13541433285,0,1818.74322600498,10590.9489557661,464.9244619822,0,0,3864.28892801977,1077.018921308,0,22560.4897716948,16117.4788496342,12068.9425524784,120.351692679161,1001.32608309062,32541.4157614695,1224.1227733613,2340.97098012589,48.1406770716642,568.765250364738,9.62813541433285
"29","ND",38,"2022-2023",760394,1052.08615533526,0,9396.64700142295,3993.74666291423,13151.0769416908,0,74571.6352312091,657.553847084538,0,25741.2657122492,2406.64708032941,0,10211.4824682993,0,3945.32308250723,10216.7323782145,0,460287.692959176,14610.8491124338,0,405491.538597096,21031.6954105372,0,6729.13778909355,15482.3788720058,0,2593.39237290142,30715.1555640891,0,83909.9335344571,151035.310641588,131510.769416908,50169.4121731629,76276.2462618064,8172.44086618253,5523.45231551012,0,0,7690.56041999279,105461.430521545,0,101697.277990095,0,0,193.978384889939,29918.7000423465,69439.1065684369,93229.957101187,434.889018061689,0,0,0,118359.692475217,20875.2791316081,30451.0543218384,12321.3768125472,22872.6383953582,5883.95226685113,481236.974515843,23736.6891374735,0,10356.0509420116,44212.2110379619,16257.7624231648,210184.05458223,19248.9235843523,8436.74331991047,0,39453.2308250723,327.361867663343,2040.36328534944,18348.7494640936,2561.08280707107,10180.2184130858,0,0,11879.8912142915,0,0,0,0,128425.090150632,9297.97578623714,1139.56843425908,1271.34485543021,0,7954.88391544384,4694.40842510593,0,0,92057.5385918353,0,0,1798.56363937643,0,0,16450.0548399908,25921.5275238889,0,12965.5875769667,11763.2122294495,67984.2029263776,0,72330.9231792991,33246.6247761029,6415.87782123478,32877.6923542269,12017.3909841477,14212.4398667007,678875.030576254
"30","NE",31,"2022-2023",1923826,259.898764233356,158.278347418114,2729.13090892835,1275.03682765489,5589.08497961874,14.4093072866257,1642.46662639968,5717.77281313383,0,8875.48198225827,16035.7537531981,0,728.757694302915,228.710912525353,0,0,0,0,18275.7338761406,0,0,11976.135055873,0,13328.9996080727,7913.58158170229,0,1068.18392099909,12647.9577674904,0,0,0,51979.7528466712,0,30148.2566510693,3230.16478621247,0,0,0,3198.54082437809,233.90888781002,0,0,0,0,1562.64131995305,11825.3937726177,27445.8708843731,36849.2264892979,1959.93140751814,0,0,0,46781.777562004,9674.10774155251,11770.0098657571,5669.87399068315,10525.2013435727,2295.76167491239,223016.803494703,11000.1528204734,0,4074.26815106979,21213.9777713785,7500.41323903513,94330.6842718624,11994.083664531,4651.08019124391,0,0,95.0532948405937,806.455469465534,22211.3741055584,2069.13982865394,6101.9208597867,0,0,5555.2487595032,0,0,0,0,92406.4941424017,8620.90854370406,1190.91487483795,1612.818414971,1665.75667446016,3193.1489646153,3458.89649063897,0,11005.5264873227,0,0,0,585.641320992647,0,5310.59565677977,8224.37943972064,9453.76452964042,0,19427.1285448892,20725.2911645856,22535.8826629851,0,0,34402.2718270779,2113.13289247572,3482.42824455018,18973.3250304341,5025.4103021791,0
"31","NH",33,"2022-2023",1355244,0,0,338.153867495447,479.956376859075,0,1451.03833700795,0,1860.93205356379,184.46862705166,4171.66650433427,8202.35322938157,0,0,0,6164.09296038204,5708.4067518469,0,0,18648.6603150429,0,0,2040.22301519136,2803.92313118523,15553.8714799697,2629.24093373592,311.08789265992,2963.30402495787,35079.395297083,0,0,0,73787.450820664,0,0,0,0,0,0,2869.19034505964,0,0,0,0,0,438.461266015566,16786.6450617011,38960.5709377795,52309.030698531,7038.68307109273,0,0,0,66408.7057385976,7632.14299417669,16807.4280350992,4600.80251231513,8540.64360366104,3108.40188187515,175943.47364755,8678.29261741797,14948.1569370534,1807.79254510627,18142.730755495,6100.56786822152,74271.6765394276,9610.56385418419,2347.97866657222,0,0,0,1144.79754199244,28848.0273662898,3141.8445682106,4532.89739707389,0,21748.9485288258,7433.24449324255,0,0,553.40588115498,0,177842.553075313,8115.80423894147,518.741274633941,1622.04739515541,2072.54487014884,4463.2892674677,0,0,0,0,0,0,399.032941669544,0,0,7816.81822609065,0,0,20698.2661424806,15287.8618167651,29171.419316374,0,0,78427.3931483925,863.313174601769,0,0,0,0
"32","NJ",34,"2022-2023",8885418,160.591206851495,12.2248610026,8.85405728801954,138.150169187313,271.440240627959,171.774473637594,0,2565.36709921807,45.0175782388628,255.683863156466,540.210938866354,3837.87470662607,7987.83771343115,222.837012282371,562.28148186163,10317.7475724834,58354.0357921259,0,19715.8877612736,1125.43945597157,28135.9863992893,10923.5834487472,567.446573700866,11535.9753474738,6655.49904348901,0,1847.85904275972,21879.1845245772,0,4960.24542683304,0,11254.3945597157,0,0,0,0,0,0,1545.99423459875,0,0,0,0,0,39.390380959005,4428.71680319373,10342.4419650263,17451.5875336422,5294.09128529462,0,2319.64742682899,0,55398.0429508212,6748.6381619863,25784.3875212173,4240.63032262523,7872.04248578964,3733.55727327628,155576.082408278,7673.685132202,0,851.453133662367,16789.5777103565,5634.15485911861,67343.8150011626,6828.1336905028,2006.58674696002,290130.896149174,0,25.4067957185582,1589.90753164342,204035.61925843,3690.22999255634,668.022933755058,418.172898562566,69840.479311159,6979.28696207652,0,0,0,0,229925.833877483,9057.17603831356,1621.30886808026,1745.55310734959,3842.23826048476,4401.74609680715,0,0,3826.49415030334,0,0,0,231.487139940968,2869.8706127275,0,4280.01811507348,2720.94030916722,2813.59863992893,38087.2772670909,23990.0313074748,7770.9343555925,1487.27229264847,0,145454.109981095,5122.87896866529,0,0,0,20629.3052279589
"33","NM",35,"2022-2023",2097021,717.319473672414,0,2705.47600620118,2289.56982309667,1589.36271978201,504.740772743811,147750.527534059,9775.77239331414,0,5617.62710053929,6676.13724421453,0,0,34334.4201131033,635.822435731449,5335.02001172139,0,0,17342.9703374454,32317.277223261,0,1883.62443676053,0,12961.6680042785,0,0,940.381617542218,11137.5231816944,0,0,0,47686.6946015324,19747.0173164694,0,25447.8071511921,9537.33892030647,0,6040.31480848308,2319.60719515923,14482.4491504854,574.71145973264,111639.320731647,143.060083804597,0,2700.25908181177,10848.7230218486,25179.0897659108,33805.8131034453,2719.93461200436,0,0,0,42918.0251413791,11336.5641068926,11978.782282104,6608.61574586044,12267.8237366245,2045.36959811084,261341.351851031,12890.4855983798,953.733892030647,1793.16086963364,27840.769834923,8811.35572795885,109464.393537308,11897.762587976,5159.52916065218,0,14864.4615385349,19042.5675279361,739.849529403854,33837.5094956131,2897.38777055642,7469.89753559931,0,12837.4556096482,5575.80396190596,0,3051.94845449807,0,1096.79397583524,86994.805965224,8397.76044207473,1717.72337997569,1526.7148016162,1912.12248232135,3141.39820249773,20943.7702340606,103.944595690744,21459.0125706896,0,13618.5426850756,0,595.179065922563,7915.99130385437,4768.66946015324,12897.771648448,11887.9648797032,0,14033.5328067769,12677.9011750478,28130.9428947063,0,28516.6433717164,31960.7395443346,3909.92746376884,3194.81111538702,18740.9239106332,37482.6322673926,22746.5533249309
"34","NV",32,"2022-2023",3030281,396.00287894093,0,134.475977640357,193.357975712483,0,328.682389520972,9157.92693812884,3711.58186320015,287.432089631292,29951.2008952305,10230.0743726407,0,3492.13653783263,0,1325.61963725476,37.9502758985058,49500.0298652171,0,15147.383361477,0,0,15971.4627125339,0,10292.6949678924,0,0,650.764731059595,7707.4106328753,0,0,35556.0527225033,33000.2399117442,1485.01079602849,0,0,0,0,0,936.652409463017,12351.9897989658,0,0,330.002399117442,0,97.3507077396453,8394.27102635036,19149.0261134198,25613.9150131621,727.75957081208,0,0,0,29700.2159205697,7323.12283910304,23655.9563288025,4522.14662600597,8394.6317189726,2886.76759680043,168819.402227054,8326.90301658493,536.246638513062,858.641492323649,18284.0716752011,6025.64877646661,73458.4650730411,7027.32584865892,2276.22223813567,495003.598676162,0,1904.90947869191,1338.15675839963,44483.8122273149,2525.39252960369,3049.98612339912,0,2801.2643051915,5888.86542205162,0,0,0,0,130868.906876953,8381.92167657059,1175.23820398174,1308.07274968889,2869.67743255493,3780.17682188549,0,0,38598.3194297823,0,5683.18515675609,0,125.458992086872,0,0,5832.28222069174,17017.3614262176,0,9863.13513499243,5477.20689929416,34244.831089922,10501.9448691392,0,15996.0145610259,7438.91540091497,0,4921.91153229684,3795.40181257118,0
"35","NY",36,"2022-2023",19514849,157.57231839201,0,19.7244160075233,105.469173755841,0,315.021704754159,0,3768.76418567215,38.529122105941,749.008921360345,2251.36253936682,13121.1083416531,10110.080534059,81.9888485942166,399.695636896806,1428.81966445141,23476.2052219825,0,32502.8902862636,1562.65656987661,0,58822.4347521213,347.017801675022,26182.9433576452,2075.20401515789,0,2272.62839697094,26907.3088907836,0,0,5995.43455345209,5124.30303713854,0,0,890.498563427265,7194.52146414251,0,0,2657.07313441165,0,0,0,0,0,361.431390014855,4990.81494302108,11831.9485843831,14664.2021160399,12927.3196528449,0,724.013032332456,0,41914.019626798,5127.90777935305,20661.2864900979,3245.99652295542,6025.66604537909,3410.11928916283,118213.450742048,5830.79858829551,5784.8256986257,670.68635786011,12733.7334764927,4302.86767783855,51389.2583539847,4969.80299463245,1661.53901575154,249625.51127093,564.08327832821,10.4279566805769,1376.9715563774,121802.956251417,2018.50226973317,1618.64900927494,531.212052934665,117845.285915356,3091.53906340756,0,209.071563915252,196.711796232705,0,357903.763334269,14388.2879647186,1677.55774077473,2856.44818466184,5653.83872557764,5894.2314132177,0,0,5636.73334085239,2049.72121485542,9538.82487125573,14971.7301425187,768.216346434451,9782.29449789747,0,3859.59788876665,745.470795085322,2460.08723920949,141175.360772712,86828.8124084383,7012.58216243436,24521.1307553546,49.1576952504219,209691.055001245,4493.35057627143,1271.92267795667,548.169704003346,360.796232653401,76.8645455570781
"36","OH",39,"2022-2023",11675275,162.737066150476,107.261798972615,158.888762791455,280.726578174818,1070.63859309524,554.471393607431,2256.85527749882,1895.0976315333,0,1224.55890760603,756.727357599714,685.208699580952,3281.89031949997,3768.64784769524,421.181513925796,3992.58852575207,2090.2120078542,0,25851.0784542548,2359.31838864609,26409.0852677988,17331.0067642946,312.540818096362,18538.0270700262,1905.59160276739,0,1937.42759806514,22938.9500461445,0,3036.81926121655,6423.82513473987,8565.1087447619,1577.35539419842,0,0,3751.51763020571,0,0,2957.81384164399,0,0,0,0,0,81.1851540970127,4732.65083691819,10802.4855945577,23395.5945363171,6880.35502375747,370.402924128126,0,3246.18203853871,17865.1793640835,7137.56147071482,18051.5651237337,4332.63764665072,8042.83907659563,2643.99510932291,164541.917428069,8115.91898263638,863.347886880609,1613.86005897077,17043.8217515219,5754.55130607202,70273.4244803656,8173.04645929111,2157.78746110905,0,877.495390900857,0,1031.53767256018,27493.4496189597,2641.82008560826,3257.81962309239,195.360537546225,7491.54919263144,2550.70694266302,11134.6413681905,555.019046660571,192.714946757143,0,121554.178381237,10496.2554629334,1695.76819389693,2260.3503557732,1943.48801205967,2891.39056681748,0,0,11639.1052030894,0,6119.51041838415,10706.3859309524,506.033819331879,0,189.990642618696,4214.31486624512,2358.87839900987,2331.74045150971,33674.2488720822,20765.467280214,7137.34948427339,6737.11325857421,2544.86879324042,92421.3376558582,1989.99886512309,216.851166246619,0,0,299.778806066667
"37","OK",40,"2022-2023",3949342,554.244479206916,285.306514350998,1216.78016236629,886.045320967391,0,31.8984782781537,75469.4230076808,886.836845226369,0,4791.27966127016,2602.74521679814,0,0,31640.0301619865,506.413473434309,1519.24042030293,0,0,14058.8632232914,0,0,17587.6399157125,0,5698.41229247809,1497.71784768197,0,821.655860647166,9731.92749577018,0,296.739558133988,0,25320.6736717154,0,0,1573.49629381299,784.940883823179,0,0,1709.01886947243,0,0,0,0,0,74.6959873315605,8235.80231846217,19189.5054923073,22417.9318985289,1156.13613609558,0,0,0,29168.886361323,10512.7975748872,6551.1756135579,6060.21382802502,11249.8038913824,1744.63467585233,242351.101018853,11953.8042033331,337.884133610105,2908.44373569065,24572.1507532141,8052.49532706967,103214.950490487,12327.5745681179,3644.82792323379,0,0,4221.15911967107,577.660785011782,12738.3032414007,2332.25180295857,5601.71770386054,244.826606558763,136.641496228992,3037.45104880762,0,0,0,0,89195.8141381526,8346.37314266528,1073.43324533555,1233.43939319512,1715.007968416,2272.14887948423,4373.95925701041,0,0,0,7816.5226004737,21522.5726209581,5.62676010332861,0,0,5409.3454048801,1841.76022233577,6065.70841421178,21966.020162346,16165.7569792639,21623.3942261774,6994.15573530983,91.2501373646547,36629.9289856386,7113.57790740837,16307.7163233774,40546.0532412741,40322.2802684599,0
"38","OR",41,"2022-2023",4176346,245.3771789981,0,1217.44295132635,449.408645739601,4498.40075510985,342.925849534497,37159.9058124016,13935.1555163293,754.247852069728,6010.48380570001,5842.42780650837,0,24759.3535114188,167850.077555835,2140.62723730266,4378.33479314214,0,0,16673.2332522257,1746.54877732832,79814.5874407915,29758.0708111828,4255.6339920112,23005.4394439541,0,4623.36980700354,1086.59579450553,12868.1723209715,0,0,0,23944.3762561818,0,59860.9406404546,9440.19389198117,1125.38568404055,0,0,1725.52944607559,3157.78434066526,17.2399509044509,0,0,0,706.658404260567,7512.06916285193,17808.0958809447,20167.6297892943,2979.57688371605,0,0,0,27625.1172675827,7672.14426199362,10224.221125357,4516.51515463518,8384.17769983617,2309.71188689826,176865.631104319,8723.77767550869,2737.81147443243,1584.47887220072,18470.6094753643,5999.74762627426,76902.4324134064,7419.45231549302,2422.26290637797,0,371.137831970819,11393.881158314,924.97269143888,47423.6057069984,2685.79183812835,4389.75171118485,743.245650623775,17403.5805462478,4265.06544237475,0,0,0,0,194210.400431382,9631.4120046567,1023.79975222359,1464.6681572839,2536.44812953716,3839.92418252702,1025.60611596836,0,24925.0778072506,0,3698.16222123359,0,47.8858791872129,0,0,6908.57342758478,1920.32173579488,5832.8500560059,8246.42977377832,5109.02856228866,15150.9764756081,117134.451982666,0,36162.5243693889,7288.91715389482,14275.6517300051,5860.35280601751,5074.24073580111,0
"39","PA",42,"2022-2023",12794885,89.8796667574582,0,199.985384784623,245.246987370344,195.390579907518,282.706097006734,0,2184.42408821963,153.576995807309,3306.65050916831,6877.74841274462,6600.29378927595,5494.23976846998,39200.0397033658,1028.49513692386,0,1788.18832681966,0,29199.7490403392,0,43637.2294866269,16175.4794982526,0,17427.6523782746,1567.06113419542,0,1243.93458792322,14728.1511322689,0,475.78856707192,0,7815.62319630071,1439.32970089219,0,7815.62319630071,476.753014974343,0,0,2902.56114064331,0,0,0,0,0,72.5179632329638,5606.38098740239,13153.886885267,22276.6394539693,4712.0145276804,0,0,2724.97173675262,55237.3738411873,8034.71387198869,17976.1368703197,4839.29937627419,8983.37437186813,2701.46171692829,185223.934642633,9136.04545879076,1634.55943527433,1110.94675723932,19891.9033660717,6443.68589479312,80969.6338028829,7337.1285478533,2107.07849269454,13946.9036259411,1284.77872212216,0,1129.04234778195,50784.8330797815,2796.39074520795,3598.90010734758,427.326466787314,36895.4600998758,2846.4340242214,24788.0305293873,2069.57702238043,0,390.781159815035,125814.922056744,9974.19226511219,1528.52432827649,2557.31653703804,2622.90087015241,2976.22714076758,0,0,5795.79761756358,0,8078.22813569641,6096.18609311455,89.9916646378611,0,1190.15942698977,3997.77035901456,0,0,63320.8976086928,31318.9885645709,8231.41435034391,13034.4315716788,5392.78000544749,74973.856271471,5773.29182716375,5410.34288311306,0,0,67297.6740314587
"40","PR",72,"2022-2023",3255642,227.29771885238,0,130.514657324116,807.52060576685,0,0,2697.96863414343,2457.27263624195,675.749974966535,3277.46416835758,1842.95447718146,0,0,0,153.579539765122,0,0,0,33504.3361647257,15812.5494142169,0,3033.19591036115,7510.03949451445,12762.5571239098,0,0,1609.820735818,19059.1778825805,0,0,0,30715.9079530243,0,0,0,0,0,0,411.274949764133,0,0,0,0,0,107.505677835585,6987.86905931303,16218.3311310027,21774.9678865182,5300.56314545641,0,0,0,27644.3171577219,0,0,1516.15779621961,0,0,107496.463063199,0,0,0,0,0,0,0,1031.27831622764,0,0,146.707776837871,1681.8277316732,38395.377624444,4467.76119733066,938.341500693258,372.98634186437,6773.3298071471,3442.97745268061,0,0,0,0,118479.041614526,15518.5072560189,902.479449521784,2946.38261823628,6822.83740042671,1874.27886727103,0,0,27644.3171577219,0,6143.18159060486,0,61.6449843072426,0,0,5256.28032811962,2857.64497447815,0,171848.666100265,108464.684384831,8600.45422684681,483.334776981007,0,85110.0855069446,199.508729768199,0,0,0,64149.5594417322
"41","RI",44,"2022-2023",1057798,425.412035190084,0,85.6070818814178,369.560161770017,0,43.3447595854785,0,6381.18052785125,0,2404.17357567324,0,0,0,237285.379628247,2836.08023460056,0,0,0,30617.7843028631,0,0,9335.43077222683,653.243814036328,22901.8999846852,0,0,2550.5814909841,30197.1642979094,0,0,0,94536.0078200186,0,0,0,9359.06477418184,0,0,2811.82513107417,0,0,0,0,0,330.876027370065,21506.9417790542,49916.0331178543,67017.9939837285,15674.6392033262,0,0,0,96408.2877827336,13132.4156407934,21702.4507514667,7802.25619636263,14483.6225820053,4678.22211802253,302741.05453026,14932.4975089762,51759.2205695227,2316.13219159045,32012.1790738875,10364.3748617411,130422.179849083,10229.6771217189,2982.0466667549,1890.72015640037,0,0,1696.35223360226,102420.864853214,2547.04962573194,909.133880003555,0,15096.0939612289,9736.41659371638,0,0,0,9756.11600702592,203990.075609899,12824.2944305056,9154.50303366049,2706.84667583036,4653.02732657842,5718.33752758088,0,0,154569.776082012,0,4726.80039100093,0,439.686972370906,0,0,21983.4316192695,0,10635.3008797521,85824.8682640731,56523.295563047,56170.2706944048,0,0,373134.271382627,30629.666533686,47268.0039100093,0,1213.55116950495,0
"42","SC",45,"2022-2023",5091517,44.3384555133568,0,478.634363785881,390.230652279075,610.771995851138,27.2736003827543,5932.96811146855,1235.39114177562,115.879019946315,2701.980568856,1571.2409484246,0,0,34512.3074321465,785.620474212302,3029.33369367126,0,0,15048.202922626,0,0,12723.1235798682,2951.23241265815,4747.65890008813,819.009344366325,0,808.403467964459,9572.03324667285,0,232.214485388147,0,19640.5118553076,0,0,916.387591360296,9800.61541579847,0,1244.11722478782,1000.18108551931,0,0,0,0,0,204.261323295199,5718.7278369099,13199.9912796127,16992.1538119189,2610.53945219077,0,0,0,23271.7471040556,8596.53655285841,5662.73195198995,4963.20487587491,9213.38473386223,1648.56642921943,198175.608762575,9774.87809625304,69.2009866607536,1876.84240276523,20594.6196389013,6601.12182675615,83911.3684585557,10570.1921450915,2511.64240441503,0,11.7843071131845,9.82025592765378,679.289689104446,15410.0826924471,2786.44262603857,3937.48523279015,0,55.0105204401753,2714.80582309752,0,0,0,0,85066.7423873867,7477.44316674186,2270.09592622395,1305.7558287638,4134.1843698057,2522.9205755377,0,0,0,0,7105.55144959744,0,155.574262051958,3928.10237106151,2094.57299268568,4132.12702618885,0,0,21876.300324638,16745.5243692597,6992.19898509619,2016.89869640031,0,47318.0366480167,3267.80014679319,0,0,457.016248791863,0
"43","SD",46,"2022-2023",879336,227.444344368933,2313.10898223205,8961.9758545084,3659.36911487759,69500.9745990156,2729.11719752177,19284.8729041004,3411.66516553399,0,9676.71288335744,13368.041340284,0,3215.49441851579,0,0,2296.62836503908,0,0,16776.0537496475,0,350643.363856364,3195.59303838351,0,5292.60487458719,28103.2551834566,0,2242.60123547768,26560.5183911497,0,292.518445736328,0,113722.172184466,0,65958.8598669905,7067.00851551625,0,0,0,5160.80315146884,25780.8164342185,0,51364.5148157246,0,0,3188.48540262198,25871.7941719661,60046.5351128579,80619.353694151,549.544201533885,0,0,0,102349.95496602,20495.7263207693,30703.882247514,12102.9219774921,22467.1104105825,5355.21689092679,472487.15394343,23305.1109018623,68677.3883930602,5994.74489842336,47581.3591164242,16061.9615255147,198871.530336527,20643.44687355,6465.99024718651,0,0,70.8364038319823,1764.37675700756,12193.8826569139,2529.78952300372,10981.3632104224,0,0,10129.3646569684,0,0,0,0,85992.7672698491,8126.21455279893,464.941728758973,1458.79845701757,0,6803.96344514497,11679.499076576,0,19083.3799594239,0,2666.10487913608,0,2299.07566618448,0,0,15144.1269321397,0,0,9980.68315183275,8940.28221294249,40598.2661917629,0,105697.943675683,53781.2792834593,714.475467853016,0,3042.51275962772,47667.2466497448,0
"44","TN",47,"2022-2023",6772268,177.193223894861,0,784.309333298682,500.23522400472,2347.96112616925,96.8520442486919,234.267161311395,2409.0217634624,513.320057623236,8725.24418702863,4175.11533802265,0,0,29106.9402451291,369.15254978096,10483.9324137793,10970.5639233415,0,14818.0884158749,0,0,11535.2788755554,0,8160.75338424291,4050.85858976638,0,861.749712208672,10204.6980420739,0,0,79985.0865323109,14766.1019912384,0,0,4780.62755342819,930.264425448018,0,2049.69900777701,1665.8329233279,0,0,0,0,0,43.5600008741532,5774.5795057136,13337.0342106957,24087.6571925388,2681.24371333208,0,0,4418.9719012892,23819.1182038277,7976.81146109398,12038.5371636208,4708.87891619174,8741.26998518074,1891.56261979,183889.111299198,9070.20617022244,0,1599.27132239894,19252.2206740785,6267.61404008229,78424.6909602514,9245.68534499816,2519.25233909822,0,4058.27028699987,34.2573566196731,737.20797818397,22705.9945058288,2555.81483189974,4561.71669520462,188.915146299585,1789.84691686744,2475.59119042542,0,1039.53358018318,332.237294802864,0,88569.7171169245,8326.53728411221,846.110933589752,1301.30821757202,3377.85288473522,2393.03745805689,0,0,3337.13905001987,0,3842.71635440299,0,93.1370406487162,72486.7946749892,46.0473507545773,8075.93674674422,0,0,22829.2075859963,17978.4202279059,14953.8730599557,6983.40349200593,0,118904.403665065,3856.37012593122,373.847727231114,0,4.25514761081517,0
"45","TX",48,"2022-2023",28635442,114.717977812251,895.733999845366,152.851874959709,434.236845375043,2557.7468998034,303.44553438358,6415.81443024347,1103.51787131486,164.481484169164,6097.22622755395,6277.88458791731,0,2344.2644608035,27.9374070775649,226.991432505215,1035.45270926847,8095.52218540926,9428.87488867816,16930.1476471011,3492.17588469562,20953.0553081737,15015.7409478785,290.746935214061,8478.48952357711,518.309862302806,0,641.33810122435,7593.35336957607,0,6645.56775481238,0,3492.17588469562,3393.99067072197,0,698.435176939123,3142.95829622605,0,0,582.67691485258,0,0,0,806.884699038346,0,32.7516858304475,6262.09995291848,14573.3936986201,16666.6521159338,1812.19022217293,0,0,0,8057.22377185587,8692.6607593485,13414.5068199052,5140.85607618698,9543.16545908389,2414.61308681738,200391.557043191,9884.1781453906,909.592141095639,1469.52252387094,21253.2095017077,6841.80450226681,86143.587656164,9394.44116141109,2755.57887320196,0,3036.97997746988,1354.4432106199,1090.24466952527,30791.6412814581,2144.39323129708,2180.38527220917,187.636042076808,5400.04407824402,2495.82604661734,0,2067.3681237398,21.8436300022888,0,110848.23834743,7427.1510458962,545.654053462838,1471.00198418449,3197.97480339224,2436.46792670426,0,0,873.043971173904,28985.0598429736,8790.52951234348,0,50.1441535283444,0,0,3753.02514974276,3005.92716536382,1396.10207518361,10918.2619217123,8149.02123738827,6941.03108308927,8257.98288708098,0,39208.9367085725,4482.9341555126,1893.1737110955,109.073119946952,130.446074483502,22033.2551528277
"46","UT",49,"2022-2023",3151239,326.40780340685,0,148.818290202679,535.67374610431,7124.56941539502,98.0839599916097,1405.06321481804,1206.52225997457,0,4906.30002992474,9202.72946609254,0,14803.086024259,253.868399064622,1316.74493746745,4280.52362895991,58838.780873174,0,13705.8702941922,0,0,9263.65788186805,0,7942.03042041559,0,0,672.116586523586,7954.71876300084,0,0,0,31733.5498830777,0,0,12511.1157865208,12344.3509045172,0,846.228102660573,1665.11711742588,54938.9722582134,17211.4590483299,0,5203.20483466979,0,950.816488371717,7219.38259840019,16755.6570606038,22496.3895153621,1154.72453850692,0,0,0,28560.19489477,7058.10286049392,9023.7214632086,4158.41261167433,7719.4186159793,2740.31357189981,162710.156227439,8025.56867314729,1726.45965602736,1233.53607898354,17216.438994313,5516.52064473688,70531.007962265,7042.15833835517,2557.3883796183,0,1025.62833222107,3367.55955355973,1094.34701715738,43668.3063391891,1953.98889135353,3048.03475712252,684.494892326479,22765.6975557868,4896.58385162154,19040.1299298466,0,0,0,75309.1672830909,5588.45203426335,312.838854812345,1190.22771678061,981.124884529545,2103.42408176593,128.457409926699,66.7753223414663,0,0,5412.26895199,0,1121.10728510278,0,0,4056.93125783224,0,0,2373.0481883475,2816.51375855655,16085.4657485516,28429.643070551,24238.555057233,36282.3711562341,1761.25168544817,3170.25176446471,5189.8767437189,6895.43636645776,15.8667749415389
"47","VA",51,"2022-2023",8509358,80.9685054971245,0,601.420812239889,314.798836763008,1695.45129021484,273.16678884588,2937.94196930015,2080.06291426451,0,914.758904255762,9362.04587937186,0,6807.09190987146,0,528.829554474027,3489.10105791765,955.959309738761,0,13570.6042688532,170.72968371997,0,5817.71268760816,1954.78906869355,7328.34145654702,11751.7678772006,51.0496796585594,966.465390220978,11441.6105186784,0,446.808325610463,0,11751.7678772006,504.963476680614,0,0,0,0,0,1252.836347936,0,0,0,0,0,417.083051388836,4165.17908871621,9453.93647793406,13824.5964031599,4026.00019883991,0,0,4806.9693389325,27168.0319478861,7562.44642662819,14204.9776258091,4513.01108732292,8377.67291022425,2367.56850516807,174336.770412057,8599.04342959833,4076.79521768857,1153.09968155059,18615.236660627,6006.94270942649,74343.0395101487,8773.193817912,2160.0910432961,42835.1939123962,376.056572070419,0,1069.86684541889,59063.1415436981,2436.15981370157,2983.78890628412,126.194008995743,17258.8724084708,3508.0581872334,0,0,0,1741.61199940113,129868.165847529,6894.73189399247,895.616332042911,1187.61250848771,1517.20035753579,2773.70678257984,0,0,0,0,11918.0321241626,0,991.189112034069,8990.10242605846,2011.97904706795,6416.82533511929,0,0,18636.2556376168,13252.9905311306,11298.9381807652,1322.07388618507,2937.94196930015,63142.586785043,4278.41242547323,6812.60078609926,117.517678772006,101.339490006179,37740.0145815936
"48","VT",50,"2022-2023",624340,800.845693051863,0,737.676586475318,1346.5771855079,33205.7965211263,2075.79203639043,27971.7958163821,3785.10106672646,0,9243.76942050806,3347.53499695679,0,0,0,3796.32892334305,5252.93269692796,0,0,25781.0471858282,0,0,6959.34907262069,0,17865.7334144857,5154.66412531633,0,3158.53541339655,37408.4953711119,0,0,0,160169.138610373,0,0,0,0,0,0,5250.87452349681,0,0,0,0,0,951.760258833328,36438.4790338598,84571.0350129737,113546.304897972,4841.24675657494,0,0,0,144152.224749335,20411.6250760803,41760.1306980171,12267.5112919243,22772.6447128167,8947.50616651184,470548.32463081,23209.4772079316,0,3924.14389595413,49432.1123106,16268.5732133133,207153.717525707,17183.3760451036,5304.26530416119,0,0,0,2484.99215171221,12914.5962136016,2468.60524714098,9509.00791235545,0,0,13385.6696671685,0,0,0,0,236321.813434987,11063.295640196,1431.20575327546,2222.48294198674,2398.59691834577,9688.38453406798,0,0,0,360380.561873338,50646.1815677355,0,4548.80353653458,0,0,29279.9083832527,0,0,5699.36733190249,3722.1642054009,91310.2219944261,12964.4648749079,0,102241.839382388,2415.58766056956,30714.1189095685,0,0,400.422846525931
"49","WA",53,"2022-2023",7512465,170.414770651178,0,661.444812055697,555.862822655413,9886.35261528673,400.228553477454,15440.145145435,4840.73523137878,0,8546.00467356587,9339.81056816904,1996.68151532154,7218.02484271141,93497.9397574564,501.658110886373,3103.34903390565,150525.78867256,0,15236.843166657,4512.20777734073,44370.7002961079,30487.9290618991,8916.51408692087,22945.7317937588,10235.6550080433,7725.56863825655,930.054249836771,11012.4958984834,0,0,26622.4202042871,13311.2101021436,0,0,827.195201574982,0,0,4259.58723268594,1532.98018692932,2686.26476130005,0,0,724.895224137484,931.78470715005,1545.43149285887,6822.1282894496,15895.3206437567,16375.5358594017,3909.92237567829,0,2183.03845675155,0,34789.9822495013,5682.91273237213,10826.1031498982,3405.41460093325,6321.5997678525,2597.31406402559,131008.107059401,6461.88634489478,3301.12992206952,1147.21838970298,13708.008756114,4511.94993920105,56785.4883849708,5673.45139045573,2152.07218935463,0,5920.82625343346,6870.06568416625,1100.23088293922,58137.7899264755,2707.57281398316,2535.77247947245,354.337357977708,30182.4077716169,4856.33144380706,0,0,0,0,238673.671557871,7916.31228897572,829.065825930637,1327.97996396655,1538.39492097467,3363.3547710372,504.683748942591,0,17184.2063823259,31946.9042451446,8678.27670411776,0,94.9364822331951,1091.51922837577,0,4248.68162447346,1568.35446155157,9515.97711270535,18050.2966735952,8928.48658862304,30422.8295239978,9947.51469723985,0,50605.463053738,9827.92851613951,6603.72886928591,9489.3723964105,6911.8525011431,4794.16543038803
"50","WI",55,"2022-2023",5806975,239.332871245356,401.609443815412,823.401685042557,488.424007336005,3343.26770823019,859.725416417326,4821.78759164625,2324.7904459723,139.143013358935,3578.49620499486,1325.99158770272,0,2735.28110591143,0,1377.65359761322,0,20446.8936063958,0,20746.8435803495,0,0,18404.9163290698,383.159906836175,11355.2312520719,352.19025396183,0,1870.33696545964,22147.9927156566,0,0,0,17220.6699701652,0,518.766138996638,3444.13399403304,0,0,4108.85185488141,3760.58343629859,0,0,0,0,0,508.2250224945,6687.81938961335,15533.1028633669,26381.7753649706,2098.77569646847,11387.6183382915,0,0,15498.6029731487,8334.16159015667,10384.2334434021,4889.82955841897,9077.17563791819,2098.04640109523,192127.09009424,9476.5388175427,87.1365900490359,2165.85709427025,19619.753141696,6493.50944338489,80471.2916794028,11126.5967220455,2703.62520933877,0,1721.99811433664,189.297870233641,834.669513817435,23850.7949491775,2570.91790476108,4125.44810335846,210.896378923622,985.097404414519,3231.43340551664,0,0,100.377046568997,650.941324872244,67532.3906164569,9248.99005075793,949.672592012192,1867.22174626204,1703.53032344723,3043.15465453183,1333.4507209003,0,106285.82006983,0,7303.78484494939,0,138.002143973411,0,0,4642.57362912704,854.723672824491,1745.2804601363,8131.46776075323,10286.8760413124,11396.9131949078,6812.49704019735,0,67485.0341184524,3291.75792904223,0,4762.8853232535,4313.43565281407,742.21087571412
"51","WV",54,"2022-2023",1807426,0,0,750.98344275229,659.083138120178,0,1389.81457608776,0,829.90949560314,663.927596482511,2642.93918533871,9405.64095016891,0,0,24344.0118710254,2957.27293952837,0,0,0,23248.8638539005,0,170592.50724511,93536.3328844445,0,10124.8117488627,10757.0102455094,0,3464.59550764457,41031.3063992661,0,0,0,55327.299706876,10189.1076038521,0,0,7635.16735954888,0,0,4261.05909730191,0,0,0,0,0,1294.6588131409,12586.9606833143,29213.4117800673,39222.3526717,3541.7704514597,0,0,42800.6955748119,121295.973389782,15637.5077043265,17441.292202281,9124.61699676778,16938.3714741295,2509.70053545761,360490.832266439,17780.9669662824,1814.73543038553,2348.03139934913,38528.6241317763,12175.4605721064,158775.887366896,13090.5525316113,3219.31022348909,0,318.685246311606,0,858.392542765236,16719.6947482221,3325.69742827645,9314.16832556354,550.176881377163,1334.14369384971,5417.82512811036,0,0,0,0,104324.323651425,9618.8944941591,2149.96353930949,2020.91648565418,1665.88618289213,3346.66315522738,0,0,0,0,0,0,470.0264353838,0,2085.37334308569,9280.15642134173,13861.7531229494,0,26105.9108367369,20283.6719179651,25617.8460418297,557.69918104531,21289.9449272059,60090.3362018694,1044.15893098805,1400.77491415969,0,0,9365.80529437996
"52","WY",56,"2022-2023",581348,816.682950659502,0,2555.87531048529,3710.90121579501,43003.5022052196,249.022960429897,27343.9918946999,1375.94005655821,1711.53938776774,46300.525674811,13761.1207056703,0,0,0,4300.35022052196,0,0,0,12003.2235425253,0,0,904.79368639782,0,2023.51087472564,4169.61957381809,0,3392.11625394772,40174.9382469708,0,1524.55499975918,0,172014.008820878,85152.4250534964,0,10689.4235466536,0,0,0,4762.26287868884,153092.467850582,9512.34716555316,0,0,0,0,39133.1870067498,90825.254408719,121943.311063253,1851.36957553823,0,0,0,154812.607938791,28235.237757763,39451.0155707081,16630.0597920695,30871.0084149253,7246.88826658043,650905.775886388,32105.4875909094,0,4214.34321611152,69592.9460495263,22149.550699409,273155.306288144,21335.5752492483,7471.30634318859,0,0,1710.3782932082,2668.76466419425,9992.01166943036,2472.46399746795,16326.7818931174,0,0,14614.8313918686,0,0,0,0,58406.3160103759,12041.0580237655,344.323881736929,1200.56661414506,0,10297.3330948072,404.232920729064,0,0,0,1625.838568293,0,275.222414113405,0,0,18372.9814156065,0,0,8713.31457233877,7191.64596764761,25440.8719046079,430.035022052196,45824.531949882,42139.702897404,5714.38277933355,28708.8060851676,0,21208.3863709861,0
