"","GEOID","NAME","percent_urban","percent_rural","urban","rural","percent_poc","percent_poc_bucket","poverty_rate","poverty_rate_bucket","pop_density","pop_density_bucket","med_hh_income","med_hh_income_bucket","broadband_speed","hh_int_access","transport_costs","annual_vehicle_mi_per_hh","employment_access_index","commute_time","freq_fatal_accidents","pub_transit_commute","green_commute","freq_train_use","freq_bus_use","pub_transit_stops","avg_hh_person_trips","access_to_car","highway_miles","ghg_per_acre","ozone","pm25","diesel_pm","contaminated_sites","superfund_site","water_system_violations","energy_cost_hh","grid_disturbances","power_generation","housing_cost_burden","overcrowded_housing","vacancy_rate","homelessness","incomplete_plumbing","incomplete_kitchen","housing_units","permits","transport_trade_jobs","capacity_housing","capacity_environment","capacity_transport","airports_primary","bridges","docks","rr_freight_route_miles","rr_pax_route_miles","rr_incident_number","rr_incident_killed","hud_pbs8","hud_hcv","hud_202","hud_ph","stations_elevated","stations_subway","orphan_wells","intercity_km","rail_transit_km","bridges_poor_condition","age_under_18","age_over_64","cnw_500","total_pop","ALAND","AWATER"
"1","01","Alabama",0.577372395123758,0.958665497861217,1,1,0.347634240758475,6,0.159828938384371,9,96.6138357744837,5,52035,2,234.191043432201,0.80318389582442,27,20548,8260,0.352149140089265,0.000174119683985036,0.00332188650698384,0.0160685471486382,0,0.0176707697966216,0.000648657132592139,6.40557659208262,0.940773755311082,4.32452018445609e-08,5.65,60.714872358885,9.15419526115221,0.186730616906003,0.00014530410248047,2.65675574155571e-06,0.00161502000405387,0.028203832443285,2.86112156782922e-06,0.0277673891816089,0.472532368091327,0.00136986736591503,0.168205750709787,0.000684829883842552,0.0436179031165461,0.0472604362759305,0.463991763239738,0.00294652524410115,0.0277355081127102,0.00170747647851523,0.00477623372583834,0.00372988069531794,1.2261949576411e-06,0.00329642077779181,1.77798268857959e-05,0.00070058648904824,5.59144900684339e-05,0.000222758750638132,2.16627775849927e-05,0.00417008468511109,0.00667683591018204,0.000414658261508964,0.00624337599265591,0,0,1.00139254874023e-05,7.70706447700946e-05,0,0.0427154369756355,0.223353863924241,0.1690992330968,0.00787852118495886,4893186,131175460655,4591915034
"2","02","Alaska",0.64899487449396,0.999431806597739,1,1,0.403005468188171,8,0.103369958787677,3,1.29065721141934,1,77790,9,258.515518196995,0.876440689257876,19,20880,10395,0.171609585618544,7.19141372338838e-05,0.0120863890809848,0.102600521497382,0.0229913188327453,0.0516472004152754,0.00151833810499464,7.27884146341463,0.907407915414248,1.0328230813746e-08,10.82,NA,NA,0.191656021824529,0.000446410399055618,8.14122308308118e-06,0.165721213257041,0.0327865656949602,NA,0.00803810092402882,0.441932369511286,0.00800241404850827,0.198501743254704,0.00264454063148754,0.104708358199579,0.0862267173414581,0.431986865493426,0.00179323360658426,NA,0.00383451607213124,0.00812222689588733,0.00794990434062877,7.73416192892712e-05,0.00139621975874842,0.000270017232255526,0.000791191196624106,0.000710186026947448,1.49255756523155e-05,0,0.00159975033582545,0.00606114058535394,0.000331076405378635,0.00164724080381009,0,0,1.62824461661624e-05,0,0,NA,0.248794420548447,0.118901206257887,0.00110627508393889,736990,1478941109938,245380162784
"3","04","Arizona",0.892851599566077,0.980963038955237,1,1,0.458644082349976,9,0.141241714136848,8,63.1226449549683,4,61529,5,169.964125781859,0.868615019122882,23,17578,26285,0.371813542955784,0.000134651712056095,0.0159620099195343,0.0457818635351219,0.0158946573664856,0.0546766117641252,0.00144869072815631,6.6218254497002,0.941744627245662,9.95075878420461e-09,18.26,65.9884801883853,5.85420415839187,0.272201173840906,0.000144687864507481,1.3939100626925e-06,0.021540904489672,0.0221033283772551,5.57564025077e-07,0.0152812966262916,0.475162653053328,0.00361878317186383,0.130620815991607,0.00153037385783009,0.0159939090868728,0.0190617296943526,0.42383159670725,0.00460228478694292,0.0288507323045905,0.00118998102052059,0.00381666514265833,0.00216976040358714,6.96955031346249e-07,0.00115610900599716,0,0.000280817121230031,0.000123291345045152,4.1817301880775e-05,6.55137729465475e-06,0.00124378594894052,0.00283284342040997,0.000262612655811267,0.000584745271299503,0,0,0,0.000276767812497909,8.76992455043613e-06,0.0180853629816735,0.228551766474344,0.175939885677072,NA,7174064,294360991275,858853288
"4","05","Arkansas",0.55476131022034,0.979077465072307,1,1,0.284465513652136,5,0.160826519495756,9,57.9289291708502,4,49475,1,184.87966584874,0.772569847865608,28,20701,6961,0.273399563847831,0.0001985475483196,0.00305102707612737,0.0222001453840562,0,0.0229165626156748,4.44905877505459e-05,6.33734904270987,0.938602905999262,5.82877991688508e-08,5.52,57.338057181045,8.97855879701726,0.169305488256507,0.000113218585245792,2.98817380414114e-06,0.00496543323001566,0.0258328346299621,3.65221242728362e-06,0.0175774343738929,0.434541217198486,0.00279271859921541,0.151643235361051,0.00078555769117755,0.0445868828173808,0.0469633520754788,0.45811294168114,0.00309213434979648,NA,0.00190711892566519,0.00505632209591839,0.00421332506383901,2.65615449256991e-06,0.0042803929647764,8.63250210085219e-06,0.000882972157192551,0.000120390202375731,0.000196887451761744,2.82216414835552e-05,0.00373189706206072,0.00719718261692973,0.000499357044603142,0.00341149842639447,0,0,0.000115874739738362,0.000163127396141869,1.53094104565498e-06,0.0456096804654825,0.233353796790237,0.169368695160785,0.00790239805008464,3011873,134660850501,3121867339
"5","06","California",0.942366327389069,0.950090451135128,1,1,0.634902236497956,10,0.125769599399138,6,252.448781276701,8,78672,9,214.142151170438,0.891210593146026,20,16678,52975,0.439061303593405,9.33512390820287e-05,0.0462446817119312,0.0873207643597217,0.061462309763108,0.0956292421798971,0.00190728298003587,7.40171236354405,0.929760055510469,4.02103775821791e-09,29.89,66.0812772248134,8.65179498663211,0.261336162409721,7.08330801311228e-05,2.46530634112627e-06,0.0017748002511282,0.0169691092949162,1.42326964023785e-06,0.00493340839047443,0.541769141408505,0.00822399927223407,0.0779561809577055,0.00410582792573471,0.00860379095127031,0.0224519199813946,0.361178688885532,0.00223768671427986,0.0335711693148759,0.0017342794721591,0.00455608944263566,0.00373956473313707,6.35388232249038e-07,0.00065406864627716,5.00685927012242e-06,0.000151247814804561,6.88735428228668e-05,5.1517277870752e-05,1.48172535760476e-05,0.00260481218139887,0.00771523973337788,0.000338407772495838,0.000609438976843988,1.321607523078e-06,1.27077646449808e-06,8.4557465947702e-05,0.000117256043895466,4.52080760487534e-05,0.0703710899562852,0.22763777167517,0.1434578788306,0.0022683185422767,39346023,403671196038,20294133830
"6","08","Colorado",0.860267065531822,0.984786211823172,1,1,0.324978020822083,6,0.0978161958063727,2,54.854488483056,3,75231,8,199.491303065925,0.899418078583252,19,18129,29579,0.370583845036929,0.00010096877250469,0.0281423346702481,0.0751288633077616,0.0474184842109372,0.0791169974733543,0.00194936574372296,6.66814905814906,0.950370590090212,1.99023740869082e-08,18.94,64.7718235711818,6.39774426558491,0.256924059475945,0.000186985723297014,3.69397948187892e-06,0.00855319203209118,0.0165128937615812,1.40723027881102e-06,0.00953380923515979,0.511913802785755,0.00143538744700342,0.0948474022729159,0.00173194866564666,0.00964354620957647,0.0142455318348824,0.415374272242066,0.00557267628377316,NA,0.00195851274053523,0.00543296429891963,0.00396064961971361,2.11084541821653e-06,0.0015454906537042,0,0.000481853237843377,0.000136307842881332,5.18916165311563e-05,8.97109302742023e-06,0.00295412816279403,0.00541713295828301,0.000257523141022416,0.00109746371368774,7.03615139405509e-07,1.75903784851377e-07,7.19446480042133e-05,0.000188684602051108,3.10860686665051e-05,0.0538356477290007,0.221468318145214,0.142189537735408,NA,5684926,268418746964,1185766400
"7","09","Connecticut",0.862507293513155,0.654450692227668,1,1,0.339613600037417,6,0.0978258894383656,2,737.359339289395,10,79855,10,226.046407235398,0.87588753584609,17,17284,23160,0.356548607723076,7.95395890099814e-05,0.0435611537098398,0.0784976553273314,0.0216973222291091,0.0961463709448936,0.00310036355753695,6.61218091697646,0.914572080866903,1.5943338045091e-07,14.54,69.7435078514286,7.28631830083757,0.186892190804214,0.000185685730681752,3.64089668003436e-06,0.0210240811595213,0.026432119205298,3.92096565542162e-06,0.0115290393718165,0.513871985014999,0.00135408538966406,0.0892467060522654,0.000813600373499986,0.0118439467814533,0.0150907277746041,0.426040645290122,0.00138946206253886,0.0318225572594018,0.00145971949971839,0.00279312789153713,0.00305611265942576,5.60137950774517e-07,0.00119589452490359,5.88144848313243e-06,0.00016661303345788,7.12775542360573e-05,1.42835177447502e-05,1.12027590154903e-06,0.00656201609332346,0.0109257707988323,0.000529890501432693,0.00356387771180286,2.80068975387258e-07,0,0,0.000226247000111187,9.33696750835796e-05,0.0721311476515222,0.206014257191261,0.172372932005694,0.00825525953635801,3570549,12541688516,1816426151
"8","10","Delaware",0.826121170000849,0.779504448728596,1,1,0.38488279687789,7,0.114357684225288,4,496.616688937652,9,69110,7,265.959257578284,0.87649109186339,21,18016,18865,0.350462345090562,0.000107473656036764,0.0220079791647766,0.0493779790276454,0.00958841387906586,0.0388438303002433,0.00245432627968572,6.00630841121495,0.941270187867466,3.88288575282483e-07,12.16,63.5535777606178,7.67139115883006,0.219025081247091,0.000158110282438701,1.86012096986707e-05,0.00299776617423841,0.0219233313383942,4.13360215526016e-06,0.00518560390377388,0.491994059946055,0.000838381142624537,0.153921421044709,0.00120391162771952,0.00920312564148181,0.0121248614399299,0.453082065436989,0.00562687728511263,0.0258825498951615,0.00159970403408568,0.00350529462766062,0.00443742191367179,0,0.00089182466499738,9.30060484933537e-06,0.000270957621277304,3.90625403672085e-05,6.51042339453476e-05,4.13360215526016e-06,0.00485801593296951,0.004575897585873,0.000436095027379947,0.00214430611804121,1.03340053881504e-06,0,0,0.000306903425619446,3.44856093807967e-05,0.0393974504797219,0.211027623829803,0.188103699677269,0.00565102053172232,967679,5046731558,1399179670
"9","11","District of Columbia",1,0,1,0,0.632761327342608,10,0.154525033291535,9,11484.0764931466,10,90842,10,380.882532551167,0.857152271710364,8,5172,189361,0.544901358314944,4.84348423160972e-05,0.315410588514601,0.549880042571358,0.419529590710399,0.351178603973767,0.006183989720417,6.65798850574713,0.645610408349433,3.65723199521131e-06,25.18,64.8035557281553,8.2600157148557,0.477667861758573,0.000121087105790243,1.42455418576756e-06,0.000129206342529019,0.0113270259632345,2.84910837153513e-06,0.000296307270639653,0.455247071461456,0.00294824614039895,0.0967599438582421,0.00908865570519706,0.0118643324394095,0.0142014837464598,0.45470629966352,NA,0.0113536968605675,0.00445173183052364,0.00824531962722266,0.0226504115537043,0,0.000347591221327286,2.84910837153513e-06,4.51583676888318e-05,3.20524691797702e-05,8.54732511460538e-06,0,0.0139620555747079,0.0169536193648198,0.000586916324536236,0.0105103607825931,4.27366255730269e-06,4.84348423160972e-05,0,0.000166370834247422,0.000121138389740931,0.032786885,0.17956220600763,0.122386299207663,0.00991208008604354,701974,158316124,18709762
"10","12","Florida",0.915341945912161,0.851790676021471,1,1,0.465934741529922,9,0.133355227861151,7,395.45543678886,9,57703,3,258.499746223778,0.85665021667913,23,17411,22674,0.428133106547522,0.000145968378828147,0.0161698738450669,0.0387028707427477,0.00875959788824531,0.0472010740201711,0.00152265238825383,5.97345534407028,0.938826900413589,1.29026669277035e-08,17.98,59.3588705314269,7.51617345634915,0.290701884277789,0.000100061630045901,2.49800583722692e-06,0.00263620809933135,0.0196530403985833,6.12718412904717e-07,0.0117669271945358,0.563459751391618,0.00205262356938883,0.170566381143329,0.00129552238580861,0.00888664722090571,0.0134689014929843,0.45069322961236,0.00498190560870394,0.0319633043885155,0.00146133341477775,0.00437009624957887,0.00280535481957705,8.95511526553048e-07,0.000585947331479342,7.63541406850493e-06,0.00014610506216641,2.837828895461e-05,5.4720467490952e-05,1.05576095762044e-05,0.0020204154004605,0.00487064006073642,0.000347317075745758,0.00115511560488222,2.40374146601081e-06,0,0,5.44614761310358e-05,1.18312626278908e-05,0.02638352642463,0.198635956842754,0.20492659539149,0.00459769091522141,21216924,138958484319,45975808217
"11","13","Georgia",0.740669729426354,0.919222926530322,1,1,0.479080697249552,9,0.142754378163162,8,182.210535051467,7,61224,5,267.867542175432,0.845996777245642,24,19522,19655,0.425711148125929,0.000144248429075653,0.0193697569480582,0.0392735413685279,0.0314507808369222,0.0410974328102871,0.00105262367163314,5.93681607418856,0.936786863777536,3.07815657032046e-08,9.08,63.9584377911143,9.61662134531248,0.278806866110805,8.32970493541674e-05,1.71158320590755e-06,0.00371700306053336,0.0238441874061422,8.55791602953774e-07,0.0113419962898581,0.490849354671848,0.0013160972716241,0.115346071009949,0.000973130140514325,0.0207209548060767,0.0272179782547189,0.411699945390987,0.00399762614448862,NA,0.00135538372316701,0.00372526084765778,0.0028525435885567,6.65615691186269e-07,0.00141481369559436,1.71158320590755e-06,0.000449642416987501,2.97910565783797e-05,0.00013074593934016,9.98423536779403e-06,0.00355277129568465,0.00515234088956114,0.000255025897680225,0.00247808721828648,1.42631933825629e-06,1.14105547060503e-06,0,6.69870877212067e-05,7.83505738890945e-06,0.0332011560234559,0.238225187106948,0.138767654386469,0.00836937520277139,10516579,149486234922,4418749570
"12","15","Hawaii",0.860630081957244,0.952915827292856,1,1,0.784264763667246,10,0.092626759131051,1,221.111145722765,8,83173,10,266.589679218968,0.873441012796731,17,17926,27391,0.417264382043145,5.70392810515508e-05,0.0546612468840784,0.115463861091808,0,0.109705195767045,0.00267028337959853,7.33444816053512,0.920131557576742,1.30916988757432e-07,39.84,NA,NA,0.114438389344923,0.000151400560815845,2.11256596487225e-06,0.000887847918420511,0.0184533711491087,NA,0.00656585501882296,0.546900831257131,0.00934751203166272,0.143877007744648,0.004547650333715,0.0136249453410444,0.025696570070494,0.384889097328731,0.00262931913329455,0.0351559144100941,0.00174779624160431,0.00530817408106901,0.00362586738437574,7.74607520453159e-06,0.000800662500686584,3.23926781280412e-05,2.95759235082115e-06,2.95759235082115e-06,0,0,0.00224213667738442,0.00826576643189017,0.000409837797185217,0.00332306626274405,0,0,0,0,0,0.0686015829991205,0.212838908394915,0.183939005995462,0.000238403735477385,1420074,16634147166,11777652106
"13","16","Idaho",0.692421752742909,0.99421065829055,1,1,0.186299673899475,2,0.119372804665427,5,21.2278285345894,2,58915,4,140.0212589703,0.864495401964272,26,21126,10735,0.245662903843184,0.000107161158412122,0.00637077620139681,0.043054669505013,0,0.0279699754391104,0.000719917782311227,6.6269696969697,0.961438412811355,4.05642776219642e-08,11.26,53.4616987006579,6.63213286679885,0.151093845353934,0.000281583043912705,5.13005545589948e-06,0.0318666301195653,0.0217424090086467,2.85003080883304e-06,0.0110210691377574,0.450061920924686,0.00166795266895529,0.119488317912263,0.0013195642644897,0.0124693013800988,0.0196755947497393,0.420328813754477,0.006379216563034,0.0299150633818352,0.00200528167709493,0.00517736596732611,0.00402880355136639,3.42003697059965e-06,0.00255476761703794,0,0.000903174763319191,8.52729218002847e-05,0.000139651509632819,1.42501540441652e-05,0.00216488340238958,0.0036309392504533,0.000212612298338945,0.000347703758677631,0,0,0,9.20046945707483e-05,0,0.0702811244651941,0.253423599509111,0.158315791393705,0.00458500055229941,1754367,214049923496,2391577745
"14","17","Illinois",0.869274774306482,0.933279751836655,1,1,0.391525699102339,7,0.11987514760232,5,229.066978834592,8,68428,7,185.756158047207,0.85639225226712,19,16469,49668,0.445603694422019,8.54031137063033e-05,0.0880746449441165,0.131825597142207,0.161818945036237,0.117716213051182,0.00265567509195383,6.89784146740911,0.892584265429936,2.09132474744793e-08,23.13,63.6940470226785,9.46511462760129,0.370498480136702,0.000140687081418579,3.77472325773716e-06,0.00683457762804839,0.0196098657946586,5.50480475086669e-07,0.0136481410588917,0.469531032259033,0.00183433417395892,0.0910643849268199,0.000820294547947007,0.0196064491935716,0.0275003559208953,0.422563361089083,0.0014285208340235,0.0448135931559234,0.00125155668014348,0.00354989130369819,0.00376913981291842,8.65040746564766e-07,0.00210826157951407,1.32115314020801e-05,0.000608383157059,0.000124070435077748,0.000126453229134195,2.58725823290735e-05,0.00511931113817028,0.00747300836950514,0.000429138850363993,0.00329918676733015,1.10882495696029e-05,1.88736162886858e-06,0.000666867775533565,0.000269284589283372,7.73966897564391e-05,0.0847849602557723,0.224551444916879,0.156527235729266,0.00615948117647276,12716164,143778461053,6216594318
"15","18","Indiana",0.711762739760266,0.932304747953323,1,1,0.215538758047949,3,0.129112217081929,6,186.92916775447,7,58235,4,192.658016565473,0.835097223342823,24,19656,14416,0.317541316148789,0.000121698226326746,0.00880363010443863,0.0355539748132832,0.002244403460041,0.0305624826493343,0.000656722453233163,6.61833333333333,0.93742896990514,3.6665991721268e-08,10.04,61.5174563792085,8.99580335636667,0.263906593657725,0.000234735719982386,5.97291908352127e-06,0.0155200838490645,0.0264573876676697,7.46614885440159e-07,0.0134171174602909,0.46048256107465,0.00107193490012564,0.103642913228548,0.000839941746120178,0.0243305139614012,0.0324287465733611,0.433592115030059,0.00277731209443228,0.0392502911424746,0.00141349130111531,0.00343905748531446,0.00294255858649675,5.97291908352127e-07,0.00287894699825725,4.92765824390505e-06,0.000616151400358345,8.69955664514873e-05,0.000226373633265456,2.73261048071098e-05,0.00454091173324704,0.00549642946363336,0.000331049040204166,0.0015895430911021,0,0,8.58607118256182e-05,0.000206256393823225,1.66272628217294e-05,0.0623962655629149,0.234588338204,0.156912466721508,0.00108259665852255,6696893,92788998225,1541613641
"16","19","Iowa",0.631535411734505,0.982509151262875,1,1,0.149861381436446,1,0.111130265160503,4,56.3981349158656,3,61836,5,160.677402832467,0.835953156386363,23,20478,10030,0.209007857823787,9.84123547505072e-05,0.00901584118278137,0.0471435693963839,0,0.0474067106345845,0.0018945965585517,6.43118437118437,0.943181042136174,6.47588192794711e-08,9.25,58.7463017075893,7.62691804400073,0.156881467556796,0.000308887810233044,4.12696971534385e-06,0.00886900796037155,0.0258481028077228,1.26983683549042e-06,0.0188494579860197,0.427346659842673,0.000869742005320498,0.0950960315210975,0.000840314525885783,0.0181898383243869,0.0249719601738576,0.44692510597582,0.0035543726281392,0.0396373219014156,0.00154602634720958,0.00411458880619782,0.00416189022831984,2.53967367098083e-06,0.00765806849563382,1.26983683549042e-05,0.00128196377726935,9.97774293486594e-05,0.000193650117412288,1.8412634114611e-05,0.00375014563441207,0.00600124888452771,0.000324760770676674,0.00125396387504679,0,0,0,0.000161489277339031,2.28570630388275e-08,0.193798449612527,0.231264906693977,0.170602896307346,0.00516051818170468,3150011,144659688848,1085996889
"17","20","Kansas",0.722990387626452,0.988060302454181,1,1,0.24673017651811,4,0.114422566323186,4,35.6248225152303,2,61091,5,163.291803902892,0.84784563720189,24,19958,13795,0.217114228427117,0.000131153439567619,0.00431168003074004,0.0321893565028106,0,0.00482801110818788,0.00070143056815876,6.56517426273458,0.947805794296773,5.11961688670027e-08,11.39,58.9473124577805,7.50566699581936,0.195103438791485,0.000296296906667161,5.15000417150338e-06,0.0071171561477122,0.0256825294054171,3.43333611433559e-07,0.0186577784461339,0.43200551174733,0.00134852909626659,0.108086218423338,0.000840824014400785,0.0271545233587634,0.0366407992652158,0.439596116072854,0.00267992565139932,0.0386006545998636,0.00209158836085324,0.00519910087793838,0.00430368681931966,2.40333528003491e-06,0.00855106692636421,0,0.00160209763103241,0.000163014798708654,0.00017750347711115,2.9526690583286e-05,0.00394833653148592,0.00346972947714754,0.000247543533843596,0.00273945888562836,0,0,0.0018814681906559,0.000260136324043756,0,0.0517144463322894,0.242383916330972,0.158248298181122,0.009615331970772,2912619,211753777874,1345707497
"18","21","Kentucky",0.586984524070561,0.965074725653706,1,1,0.159171143033363,2,0.166068647274815,10,112.985445054009,6,52238,2,233.891377758704,0.819345294450454,27,19417,12935,0.305007699931879,0.000158899064803924,0.0093203653958251,0.0342143863353382,0,0.074558249833954,0.000390636205857885,6.44375114364135,0.930132553189177,5.42956824770054e-08,8.49,59.2797480493874,8.51976888994944,0.201778559700319,0.000143210863765455,2.4652887346166e-06,0.00399039751026859,0.0245579166609946,2.24117157692418e-06,0.0142144066094839,0.432439917592161,0.000913587860322313,0.123587027475817,0.000898933919504289,0.0335689081368567,0.0394093115553653,0.447013773344043,0.00239531600820905,0.0425112148225709,0.00108965762070054,0.00352536289050174,0.00278600038727445,1.12058578846209e-06,0.00322011532172466,1.38952637769299e-05,0.000639025251728392,5.26002969104105e-05,0.000146796738288534,1.38952637769299e-05,0.00511905999885252,0.0073810744714421,0.000317349895292464,0.00461972697151381,0,0,0.00284516731690525,7.14496704581313e-05,0,0.0707126948728424,0.225824706316877,0.163589388680111,0.0130875033070863,4461952,102282796080,2368025703
"19","22","Louisiana",0.715416669439818,0.954840694204568,1,1,0.416749846075218,8,0.186494952657514,10,107.952268476638,5,50800,1,247.23435720299,0.792707122781622,26,19530,13337,0.338656781008692,0.000163357498237797,0.0109177979877861,0.0354564556579229,0,0.0190510288770966,0.00019572886599883,6.62964801444043,0.917376349634352,4.31436782179392e-08,10.8,59.8642109750403,8.63371319668453,0.265375954501738,0.000128413571449397,3.43007870315584e-06,0.00420181926993587,0.0226334943247156,3.85883854105032e-06,0.0218671804924564,0.540740770126411,0.00154341775706696,0.15554711509912,0.000680227482819593,0.0429804537023827,0.0461959141335657,0.444766300162757,0.00310155954103048,0.0309594616148468,0.00165115413573164,0.00453735098451834,0.00370791507811147,1.50065943263068e-06,0.00276528657450045,0.000105260540203095,0.000601335672647009,8.9953813990262e-05,0.000244607487518801,2.2295511570513e-05,0.00336340654836325,0.00948931273228064,0.000439050074003948,0.00336576472747167,0,0,0.000915616633823663,0.000131099966213725,5.42681326823044e-06,0.130087603732382,0.235294609459814,0.154255784398973,0.0144032994250387,4664616,111913975425,23737664982
"20","23","Maine",0.386321813853764,0.986902623553071,0,1,0.0736203456826954,1,0.110720699856906,4,43.4698775207781,3,59489,4,142.059558575442,0.849904573953869,25,20306,6644,0.325832989795701,0.000112617231928104,0.00541999284579056,0.0491228704088454,0.00494603058524419,0.0185811654745752,0.000722689388995581,6.03610315186246,0.93231686012315,1.07471941439397e-07,5.59,52.7452352,5.57257875143836,0.0742365991629065,0.00056905263550426,8.20390431264334e-06,0.0362636222106902,0.032209411031474,1.64078086252867e-05,0.00776462252717543,0.456585303387093,0.00115354024485955,0.237337521910355,0.00156396248578301,0.0354274879384247,0.0347164475296367,0.556965301213805,0.00287385783933031,0.027647903343091,0.00250368243432215,0.00507821676952622,0.00521992057129006,4.47485689780546e-06,0.00184438685137882,2.08826655230921e-05,0.000813156079279548,5.68306826021293e-05,2.83407603527679e-05,1.49161896593515e-06,0.00602986966979285,0.00864616933604311,0.000547424160498201,0.00254917681278317,0,0,0,8.73894803572428e-05,0,0.131419328899717,0.187173568511924,0.206266291275894,0.00086345950284937,1340825,79888428972,11744937116
"21","24","Maryland",0.856170992018421,0.811755381135582,1,1,0.498396389043107,9,0.0901726681069105,1,621.721000419461,9,87063,10,299.35338315107,0.887537339830453,16,16261,34409,0.522350707474475,9.04329252699406e-05,0.074380593821297,0.107418544092284,0.0797643195338917,0.0871443261783863,0.00204252533778188,6.21342585829072,0.912095213373342,6.2805357508799e-08,18.42,65.9806777489177,7.83778832642628,0.289023881802512,5.1179073092329e-05,3.64381750171922e-06,0.00337564456404707,0.018151057607291,4.96884204779894e-07,0.00597205125724954,0.492453738636772,0.00140639409431045,0.0931526843250056,0.00105339451413337,0.014554509787978,0.0188164982822759,0.407387078095622,0.00274069199362959,0.0298716846229576,0.00127268607650957,0.00354808447826496,0.00281335836746376,4.96884204779894e-07,0.00088577890905429,6.95637886691851e-06,0.000154795992595763,3.79453904383579e-05,3.71006872902321e-05,1.98753681911957e-06,0.0046897587527809,0.00820140505602866,0.000524544092179308,0.00186480642053894,1.49065261433968e-06,2.3187929556395e-06,0,0.000204830244480279,6.62649744336514e-05,0.0512341060188856,0.22206848256864,0.154179028041494,0.00419250095312937,6037624,25151895765,6979171386
"22","25","Massachusetts",0.912798116962121,0.629360323705516,1,1,0.292154826645645,5,0.098451349933083,2,881.050578295543,10,84385,10,324.920402429781,0.884464181822303,16,15806,53656,0.463359297006335,4.75774563171295e-05,0.0952874431696027,0.165143046244371,0.16334268318135,0.116954597472103,0.00211974300025767,6.79683808200139,0.877799983377283,6.93064845944673e-08,20.84,58.3312188522305,6.61791562000306,0.25642774613382,0.000185071940169384,4.80139467420573e-06,0.00442518238070221,0.0223747859766943,1.89145850802044e-06,0.002669866432475,0.489666950777072,0.00168833916387732,0.0913244689597595,0.00261530512935903,0.00849327962941412,0.014739741621121,0.423833512076162,0.00213522853110262,0.0311932062302315,0.00190222527183532,0.00316732002008438,0.00351985878661773,1.01847765816485e-06,0.000758765855332814,6.9838467988447e-06,0.000163320167327149,8.43299500960497e-05,2.22610116713175e-05,4.07391063265941e-06,0.00862781523593108,0.0128806869428109,0.000557398272632792,0.00456408937985332,7.27484041546323e-07,4.65589786589646e-06,0,8.73052143291659e-05,0.000105026289090809,0.0922339405451582,0.198162288012969,0.165366725432828,0.00468685669542059,6873003,20204396898,7130653806
"23","26","Michigan",0.734743951548282,0.937921352425079,1,1,0.255194378692322,5,0.137104667935471,7,176.192849890617,7,59234,4,214.374846897849,0.847089042128345,23,18330,18661,0.333631407208709,0.00010156501358996,0.0128577282860156,0.0412237335513353,0.00085747543107386,0.0490034372806189,0.00112373215431024,6.62488560885609,0.924588886365418,2.1900794923799e-08,12.07,60.0706635797175,8.5628900206424,0.186371157062843,0.000376682878635223,6.71752804593025e-06,0.0090056538212842,0.0270644710457556,1.40366257676154e-06,0.0105149366241334,0.484683356182532,0.000741883746590802,0.136929079104484,0.000866059809861873,0.0304214324944985,0.0366314368896378,0.462397834670004,0.00167951649931156,0.0309083491554513,0.00130390227219885,0.00280291364256755,0.00278827544712418,1.50392418938737e-06,0.00112573738656276,4.11072611765881e-06,0.000371729954971507,5.4843102106326e-05,7.38928085052327e-05,7.41935933431102e-06,0.00572834697576386,0.00549112800029116,0.000324847624907672,0.00188622171832964,1.30340096413572e-06,0,4.73234811593892e-05,0.000100070413730547,1.0241723729728e-06,0.106519415744122,0.21674184449484,0.17173220083163,0.00133027244613097,9973907,146614604273,103872203398
"24","27","Minnesota",0.71878705208487,0.979320855252399,1,1,0.210293052027386,3,0.0933337788362733,1,70.3306633424581,4,73382,8,568.637652265427,0.874581745915286,19,18540,26891,0.320082029429791,6.58909039482044e-05,0.032273020688876,0.0702603010483087,0.0204975469883178,0.0724127911463893,0.00202993982678371,6.69921493902439,0.934117848466568,3.26695361049213e-08,11.83,58.1788563581891,6.71735226209803,0.205776492796614,0.000161245220230972,4.46415338402469e-06,0.00210191184914211,0.0210141160475067,1.4285290828879e-06,0.0100982720869346,0.453576794451351,0.00130299621193593,0.101724551775202,0.00141781511476624,0.0155856519245087,0.0173276973836772,0.438920917701368,0.00352590762834472,0.0365898082306846,0.00238992915567146,0.00468182550302973,0.00488056961168651,1.60709521824889e-06,0.00238528643615207,7.1426454144395e-06,0.000784637455389715,7.80512577662876e-05,0.000102139829426485,1.26781956106301e-05,0.00635570445590363,0.00565001108895701,0.000423916005346984,0.00270259845868855,5.35698406082963e-07,3.57132270721975e-07,0,0.000114451250195084,1.74025198538758e-05,0.0500074861777961,0.232008122616365,0.158491016159164,0.003984971977926,5600166,206232157570,18949864226
"25","28","Mississippi",0.462904711106248,0.978336237901882,0,1,0.436273972235218,8,0.195776799346808,10,63.5464682114624,4,46511,1,187.422914675383,0.761138907570777,30,21194,4880,0.334556174748758,0.000229724314054936,0.00270928517115208,0.0175953447692323,0,0.0100727221281293,NA,6.40143076923077,0.936214513244538,7.15165658156977e-08,4.34,57.9982189714286,9.01132506204305,0.138227904823405,0.000221004851039712,3.01827565911595e-06,0.0421198595178915,0.0287806797203644,3.68900358336394e-06,0.0220568877888951,0.489537721141463,0.00234451470426249,0.160961238050083,0.000371247906071261,0.0496661199052948,0.0515979432956111,0.446324830180074,0.0022281215720136,NA,0.00158325326518738,0.00406494658490493,0.00370845469316713,2.34754773486796e-06,0.0057249981974187,1.64328341440757e-05,0.000827611185729593,0.000184617861149259,0.000179755083698461,2.34754773486796e-05,0.00624514770267302,0.00844278774647155,0.000327315227033018,0.00282208774127341,0,0,1.00609188637198e-05,0.000256542028650143,0,0.0939019389155293,0.237176436657293,0.159053066316547,0.00920457918648467,2981835,121532487805,3915791676
"26","29","Missouri",0.694674806938782,0.970416126787061,1,1,0.211819580154666,3,0.130071735388611,7,89.0837510800602,5,57290,3,158.119518976134,0.834853283239325,24,19193,16806,0.325175940862598,0.000149244957675828,0.0115771952789781,0.0348853356023943,0.0196364702931124,0.0408783981159845,0.0011221130734664,6.57613090909091,0.933688548372027,2.75609620442374e-08,10.9,59.8877985187424,8.03847371438273,0.267366635872466,0.000289345804159264,5.38849409551677e-06,0.00829238701417754,0.0252692157872913,4.89863099592434e-07,0.0119902158010241,0.445088411570825,0.00125153060471795,0.129944977366273,0.00106577881701327,0.0315838189530011,0.0378515929180822,0.457967133451771,0.00255846781543681,0.0362294584073571,0.00134826653777824,0.00371169270561187,0.00356914254363047,1.14301389904901e-06,0.00400250809906991,8.98082349252795e-06,0.000647419401191347,0.000112978759536002,9.78093322186226e-05,1.66553453861428e-05,0.00408398866130212,0.00598645365241927,0.000498190772285505,0.002641831696102,1.4695892987773e-06,6.53150799456579e-07,0.00079896671543526,0.000177565576340265,7.26369004075661e-06,0.0863250652564866,0.225242808809698,0.168738896436409,0.00604888263758426,6124160,178052563675,2487215790
"27","30","Montana",0.534185247527035,0.997992216540801,1,1,0.144035301708102,1,0.127812135187025,6,7.29445818167297,1,56539,3,146.028588357457,0.840077239203024,26,20817,6355,0.176697219663167,0.000178957431678291,0.00728033080698631,0.0705719028474147,0,0.0321887847830551,0.000424788429931101,6.57007490636704,0.949977984075148,5.23639977440265e-08,8.59,54.5107552037618,5.2036977503328,0.0814448781088459,0.000643304872822488,1.78957431678291e-05,0.063596640409577,0.0268222457948174,1.88376243871885e-06,0.0223508413353992,0.44609725274283,0.00101823652441933,0.153232509185251,0.00145520648391031,0.029249100894057,0.0323678139491529,0.485027385196453,0.00399826871954751,NA,0.0024328791896054,0.00548645810276866,0.00560796078006603,1.13025746323131e-05,0.00495900461992738,0,0.00307703175552531,0.000661483180356125,0.000171422381923416,3.29658426775799e-05,0.00401900716300667,0.00511347313990233,0.00042761407358918,0.00133558756905167,0,0,0.000208155749478433,0.00102143439090896,0,0.0740740740837607,0.215303686052152,0.18660456529827,0.0013795963492818,1061705,376973673895,3866689601
"28","31","Nebraska",0.73005357113725,0.992938069959086,1,1,0.21659911031455,3,0.103676609429319,3,25.0441299776103,2,63015,6,137.72955992637,0.860134113684892,23,19987,16391,0.195316271291635,0.000112796063677276,0.00633495892807958,0.0371353699744845,0,0.0394951772404267,0.00112172306643116,6.59639846743295,0.94682278915247,6.77107926301336e-08,13.4,55.7239868851718,6.70199167316505,0.159477951679264,0.000203760631158951,9.35635551240081e-06,0.00747043862977422,0.0272540934766547,2.07919011386685e-06,0.019159736899283,0.414677704710084,0.00073304698413775,0.0918983521429722,0.00124959325843397,0.0203850053538771,0.0294332944821901,0.438838023812964,0.00394314411921436,NA,0.00169142115763068,0.00736812996601564,0.00439228911554371,4.15838022773369e-06,0.00797837226443556,2.07919011386685e-06,0.00173326485867225,0.000208542768420845,0.000241186053208554,2.96284591226026e-05,0.00327420463181182,0.00575831702035423,0.000304601351681493,0.0035117521023211,0,0,0.000248983016135555,0.000322722013321371,0,NA,0.24695736516712,0.156994967320329,0.00516801840824979,1923826,198957373531,1371117957
"29","32","Nevada",0.940923090599991,0.992842078985994,1,1,0.518144026907076,9,0.127750461289965,6,27.5831556168522,2,62043,5,197.695768979614,0.85746244948058,22,16811,33146,0.337093937935648,0.000101970741327289,0.0293670366243094,0.0516080557144543,0.0119853004582775,0.0873008742811249,0.00156883140540432,6.54255988023952,0.927432564815741,1.86357688778695e-08,25.05,64.1543714377407,5.62188361021331,0.43094191297434,0.000250141818531021,6.60004798234883e-07,0.00505277185552591,0.0210461337774724,5.28003838587907e-06,0.0133674071810502,0.500280809602382,0.00322032263402746,0.109198578200173,0.00227701655391035,0.0102157373911439,0.0176179886530346,0.418618933359646,0.00480938406199967,NA,0.00127248925099685,0.0034435750347905,0.00249085810853845,9.90007197352325e-07,0.000643174675879894,0,0.000439860197783638,0.000228031657790152,8.91006477617092e-06,3.63002639029186e-06,0.00122166888153277,0.00488304549974078,0.000137280998032856,0.000952386923852936,2.31001679382209e-06,0,2.07901511443988e-05,0.000348126460879371,2.05888496809372e-06,NA,0.22688093942443,0.157747746826119,NA,3030281,284537264244,1839662252
"30","33","New Hampshire",0.58323273049061,0.929569138963721,1,1,0.104198948676401,1,0.0742079724551902,1,151.361285822718,6,77923,9,264.063455851205,0.891924928957775,19,20397,10847,0.382702730706699,7.23117018042507e-05,0.00789027955570711,0.0389728727351408,0.00654447856982016,0.013088300310778,0.000514298532220028,6.19986254295533,0.95030568560384,1.73077738747973e-07,8,52.8785884571429,5.1838575727593,0.0973517512506984,0.000245712211232811,1.54953646723394e-05,0.03320103737706,0.0283890427590393,9.59236860668632e-06,0.012329883032133,0.462741796405559,0.000680744032824105,0.155799070169477,0.00123593980124612,0.0152909987457153,0.0155337130115203,0.471214777560351,0.00258281493691639,0.0320687640011688,0.00179082143141752,0.00347317531012866,0.00389671527783927,2.21362352461992e-06,0.00184025902346736,5.16512155744648e-06,0.00027441552960205,8.03545339437031e-05,5.16512155744648e-06,7.3787450820664e-07,0.00427007977899183,0.00741268730944391,0.000860361676568943,0.00258698802577248,0,0,0,7.01253796364345e-05,0,0.0898155574723336,0.190173134874606,0.180884032690792,0.00172852460793431,1355244,23190113978,1025973001
"31","34","New Jersey",0.937537369493403,0.627412267020379,1,1,0.453170689324914,8,0.0967092168369408,1,1208.12497132664,10,85245,10,343.046598297257,0.881465281440954,17,14426,67973,0.474222560861738,6.17866261328392e-05,0.107581565412401,0.147417500192975,0.1028787274185,0.112384280485568,0.00187295634262789,6.93563840653728,0.8876592501224,6.1023838002393e-08,20.02,63.9287792574713,8.02118017572036,0.410508915231144,0.000101852270765427,1.30550976892702e-05,0.008937961411113,0.0178561204040735,9.00351564777256e-07,0.00691942686320441,0.505565750874044,0.00294738412018873,0.0982927369670728,0.00108739960235973,0.0121582415014391,0.0198559717278653,0.408391816794663,0.00288721884591458,0.0466074865583139,0.00148524245004568,0.00344677087785853,0.00408658320857837,3.37631836791471e-07,0.000759221456998421,8.44079591978678e-06,0.000148186613167777,5.37847516008814e-05,4.88440723891662e-05,6.64009279023227e-06,0.00548629225997021,0.00858316401096718,0.000423840499118893,0.00310002298147369,1.23798340156873e-06,1.35052734716588e-06,0,0.000106384415454625,8.27321798479261e-05,0.0806403794364068,0.219849308158603,0.162393935772071,0.0058835409961019,8885418,19048737655,3533261945
"32","35","New Mexico",0.745471357558505,0.993928858835879,1,1,0.63322303400872,10,0.18551260060694,10,17.2861702648391,1,51243,1,133.897342231298,0.78293419782909,26,19109,12422,0.282911413002209,0.000174056435295593,0.00992508792774861,0.0372418065735441,0,0.0440633692608077,0.00126226680610256,6.5889494949495,0.943161506392265,3.22383301282742e-08,12.1,64.5360347263072,5.09022750407378,0.188781871101785,0.000183116907269884,7.15300419022985e-06,0.0218097048791906,0.0223048843116299,4.76866946015324e-07,0.0163970699387369,0.483877571000098,0.00311571670944996,0.159832677666051,0.00158939753106907,0.0424707069336815,0.0410590439692741,0.449956390517787,0.00228118064771504,0.0197484908353326,0.00204337486367566,0.00548540048001427,0.00410248633656983,3.33806862210727e-06,0.00191223645352145,0,0.00105316065027484,0.000335714329994788,6.7715106334176e-05,1.57366092185057e-05,0.00274103120569608,0.00522884606305802,0.000321408321614328,0.00180684885845206,0,0,0.000310917248801991,0.000619854546044126,7.38256793804163e-05,0.0578553615837905,0.230543232518892,0.174008748600992,NA,2097021,314198560935,726482115
"33","36","New York",0.874459099038876,0.919303346752038,1,1,0.448302315841644,8,0.135779614582449,7,414.122964981342,9,71117,8,284.35348637881,0.854853513929201,14,11043,171254,0.511182518741202,4.90908230957872e-05,0.262319930795285,0.353348139298772,0.302681690686006,0.191502656362888,0.00173483279322325,7.02127207690588,0.710237280146858,1.9931201610479e-08,20.93,62.4574004640959,7.67977011532855,0.524048539967274,7.38412067651664e-05,4.40690061193914e-06,0.00766816231951464,0.0221368391815573,8.71131516313552e-07,0.00676315763447619,0.514803204783526,0.00459390197734355,0.113087442249889,0.00467700262502672,0.0138322852010368,0.0196364425991672,0.428543976948015,0.00187060912318067,0.0306073595547678,0.00237198863286106,0.00405967783814264,0.00671734636532417,9.22374546684937e-07,0.000897829135137044,6.50786485716595e-06,0.000209855582279935,8.68723093886097e-05,2.08559133611539e-05,4.50938667268192e-06,0.00553747559102302,0.012094738729467,0.000686297905763965,0.00951567701087516,8.30137092016443e-06,1.42455624432451e-05,0.000360187260480468,0.000178165662465541,6.56045045493306e-05,0.100279664445865,0.208617653152223,0.165089773433553,0.0051590734597026,19514849,122049520861,19256750161
"34","37","North Carolina",0.667158553738974,0.906977831236912,1,1,0.373854239850525,7,0.139819059190975,8,213.60842136704,7,56642,3,251.142828795577,0.83702988794501,25,19449,13391,0.338956110980407,0.00013623811611281,0.00965454382446073,0.0311843919252152,0.00546699757202123,0.0367929946599898,0.000513372180292227,5.97059534883721,0.944461393910892,2.45136726165987e-08,7.08,61.917723731993,7.84084223515724,0.17217125709855,0.000126032292573617,3.65869145744648e-06,0.0157495756888505,0.0223325678108125,1.15537624971994e-06,0.011934362690128,0.467805005626971,0.00185311410480029,0.139857678123164,0.000893490966450088,0.0215784867558387,0.025866619217507,0.451282453194986,0.00558996838607791,0.0322975802473795,0.0014250603226754,0.00392673874738151,0.00264061241873493,8.66532187289956e-07,0.00176936244509195,1.73306437457991e-06,0.00033345121380459,6.5548345900778e-05,6.39308191511701e-05,6.54713208174634e-06,0.00266333481831275,0.00528112855611571,0.000300012699510611,0.00235802664432426,5.77688124859971e-07,0,0,0.000166645693378356,3.50040491123485e-06,0.101812047659901,0.221600779570868,0.162557009393305,0.0074655855173718,10386227,125933025759,13456395178
"35","38","North Dakota",0.609668409716928,0.996881524975008,1,1,0.163218015923324,2,0.105309291940389,3,11.0209257709735,1,65315,7,371.639168701618,0.832946368189284,22,20095,9600,0.152750856725062,0.000126250338640231,0.00529713829893309,0.0429979985640157,0,0.02340536996622,0.000664129385555383,6.32833333333333,0.948531038759883,1.58172450806811e-07,10.54,57.2410600877193,5.36420676784427,0.144822601837987,0.000448451723711655,NA,0.0056599380525354,0.0218053081380928,1.05208615533526e-05,0.0562668826950239,0.386307366608059,0.00140865700760114,0.147967190391851,0.00071147326254547,0.0236061360021455,0.0202205540670797,0.495265612300991,0.00822954499221191,NA,0.00222910754161658,0.00713971967164391,0.00528410271517135,1.05208615533526e-05,0.00572729400810632,0,0.00447110313863602,0.000556948108480603,0.000324831600459762,4.20834462134104e-05,0.00323121960457342,0.00785513825727189,7.10158154851301e-05,0.00171358532550231,0,0,0.00125329763254313,0.000892764803509759,0,0.107692307640184,0.234127307685226,0.153086426247445,NA,760394,178698456949,4410633765
"36","39","Ohio",0.762840685428674,0.897048722069885,1,1,0.217031718738959,4,0.136207886644832,7,285.748773283061,8,58116,3,203.314982604262,0.848711509688109,23,17942,18651,0.31051714220975,9.88413549145523e-05,0.0144074481873298,0.0413283832697146,0.00769451393513567,0.0410616572801385,0.00128699323998792,6.74769495018894,0.922442766151124,2.53036962534991e-08,12.63,61.546411015356,9.20435325942485,0.265572294098041,0.000152801540006552,3.51169458535238e-06,0.0075087269231478,0.0246127045355565,1.11346413681905e-06,0.0103742310138305,0.440963234296568,0.000752560933056843,0.0958127998558583,0.00091261233675438,0.0255801605876073,0.0357147375260921,0.446849431812099,0.00177908621150306,0.0392011323073761,0.00153075623486385,0.00372736402354548,0.00339015569226421,5.13906524685714e-07,0.0023363047123087,5.65297177154285e-06,0.000448126489525943,4.02731413178705e-05,8.61649939723047e-05,9.07901526944761e-06,0.00665114954465741,0.00741173120119226,0.0005593872521204,0.00311307442437116,5.99557612133333e-07,1.71302174895238e-07,0.00176064375357326,7.58372714989583e-05,5.2339666517491e-06,0.0556512813456025,0.222177893026074,0.170498853346067,0.00332569502462508,11675275,105823700104,10274656132
"37","40","Oklahoma",0.646219470706451,0.981228440952162,1,1,0.351001002192264,6,0.152729260831278,9,57.5738193613141,3,53840,2,143.30174294117,0.819484737564853,26,20169,11712,0.271627144016884,0.000151924042030293,0.00371187556724151,0.024334849246036,0.00705596860144194,0.0293900069763615,0.000767216412252978,6.58705202312139,0.946075474249934,3.92746302013193e-08,9.65,62.3155012282158,9.02924902186097,0.165125961314096,0.000230924543886045,2.53206736717154e-06,0.0154288805164828,0.0248700668607356,2.27886063045439e-06,0.0211642850885034,0.439646809824066,0.00168522512183903,0.142106248693259,0.000995608888771851,0.0365686524539166,0.0449978517747557,0.440825838835938,0.00298466425955497,0.0289734340555971,0.00168762290021983,0.00408903559124533,0.00346893229302502,1.01282694686862e-06,0.00585312692595374,2.7852741038887e-06,0.000839253728849008,4.47163097042495e-05,0.000143568219718627,1.84840917803523e-05,0.00327852082701372,0.00560295867007719,0.000282325511439627,0.00276628359863491,0,0,0.00404320517189952,5.41654787050602e-05,2.05477266845971e-06,0.109880602144099,0.242159326794185,0.156784345341578,0.00680287717913153,3949342,177664190465,3373689316
"38","41","Oregon",0.804998329107328,0.98892848180025,1,1,0.250901625487927,4,0.12364892705036,5,43.5056726746042,3,65667,7,184.802687875223,0.884418344566684,22,17408,26006,0.320355458337709,0.000110144130778436,0.0400864058097736,0.105370640557866,0.0367203644549269,0.053795688741968,0.0027492932817348,7.16851219512195,0.927706369069616,2.07958479959176e-08,17.43,52.6862054673367,8.07866680112893,0.327953962935573,0.000454224817579769,3.59165643842728e-06,0.0327875213925553,0.0186077106606908,3.35221267586546e-06,0.0155303224397595,0.50561135208351,0.00180082662690805,0.0817707416196394,0.00350904834034345,0.0112250573690992,0.0217250699469773,0.428330171877522,0.00389836044810787,0.0335458316911482,0.00214038779354009,0.0048595111611921,0.00463012403665788,1.67610633793273e-06,0.001954100546267,1.41271819911473e-05,0.000582327230550342,0.000109473688243263,5.98609406404546e-05,9.33830673991092e-06,0.00238773320026645,0.00840806772235825,0.0003424045804634,0.000649610927830213,0,2.39443762561818e-07,0,0.000188623739508173,3.43592221525707e-05,0.0517093492765592,0.207615939867051,0.175974883307082,0.00187433269885639,4176346,248628426864,6170953359
"39","42","Pennsylvania",0.764538903458512,0.906664340146988,1,1,0.243047671002905,4,0.119514225367906,5,285.970246839315,9,63627,6,303.257494331252,0.844595260134873,21,16638,30401,0.386734588806612,8.28456058807875e-05,0.0518534548129555,0.0984333771278156,0.0563353131607631,0.0817045483729728,0.00213085150823943,6.58228508217446,0.893362727967194,2.66096872048744e-08,15.63,61.6319517634253,8.67612642555222,0.232685957161216,0.000120126128527142,7.11221710863365e-06,0.0279850727095521,0.0249832551908908,9.37874783556085e-07,0.0180501817718565,0.466923244548915,0.0010112401575921,0.10619768279353,0.00104533960250522,0.0246748620991731,0.0319263058681035,0.446533517104687,0.00171496559880074,0.037448324076379,0.00150231909079292,0.0032227722249946,0.00417049469377802,1.01603101551909e-06,0.00177703824614289,6.6432797168556e-06,0.000385591586012692,7.55848919314242e-05,6.23686731064797e-05,5.31462377348448e-06,0.00478550608309492,0.00594651690890539,0.000469328172937858,0.00442106357345142,1.87574956711217e-06,3.67334290226133e-06,0.00149731709194729,0.000149473090223163,3.88162926044275e-05,0.165809033694331,0.207081345397008,0.182502929881746,0.00634383075973551,12794885,115881934065,3397760687
"40","44","Rhode Island",0.910524987265111,0.632738798163017,1,1,0.285583826023494,5,0.115812937303594,5,1023.13140788016,10,70305,8,342.506760162258,0.86768499987944,19,16407,27507,0.343263720331008,6.23937651612123e-05,0.0224095567306885,0.060446594805478,0.0558759508738256,0.0927872179032462,0.00344111068464868,6.74264705882353,0.909934174040942,6.53717474861651e-07,19.11,62.5807025910931,5.96795321002717,0.207919220219508,0.000395160512687678,1.13443209384022e-05,0.00413648186620292,0.0297376525245256,1.13443209384022e-05,0.00757800638685269,0.472918431744041,0.00090902514889205,0.116258851155684,0.001043677526333,0.0103496992258502,0.0231435213695612,0.443647085738487,0.00100145248731214,0.0260427794342587,0.00212422409571582,0.00336642723847086,0.00374835271006374,2.83608023460056e-06,0.000737380860996145,1.13443209384022e-05,7.82758144749754e-05,4.71734679021893e-05,1.89072015640037e-06,0,0.0153441394292672,0.00833713052964744,0.00119493513884503,0.00854132830653868,0,0,0,0.000227479159537076,3.74873085409502e-05,0.230769230841026,0.194218555905759,0.172514979230439,0.00242617530827152,1057798,2677759219,1323691129
"41","45","South Carolina",0.679480308884081,0.919295974222013,1,1,0.365589666105406,7,0.146756249922983,9,169.35529969369,7,54864,2,238.713976793286,0.814566646324894,26,20266,9577,0.354220812818927,0.000189334534285165,0.00508767483321731,0.0282226111112389,0.00186196700681703,0.0259468783459591,0.000834328943613465,5.90739130434783,0.939535993466162,5.20884052797468e-08,6.47,62.581177904328,8.07096031967631,0.18983492180424,0.000131984239667667,5.49934331948612e-06,0.00270702395021039,0.0253882178949963,1.76764606697768e-06,0.0192810904883554,0.494186416767821,0.00163957744173918,0.154210318432228,0.000841988743237035,0.0258775772795794,0.0307324527664037,0.45548546729786,0.00575439455765869,0.0284924905484947,0.00156436676927525,0.00479680221042177,0.00290404608292578,7.85620474212303e-07,0.00184640451951746,3.73169725250844e-06,0.000473061368546938,0.000110360036114973,0.000122163983740013,1.39447634172684e-05,0.00369673714140599,0.00486299073537415,0.000338995234622609,0.00242992412673865,0,0,0,0.000248401213233698,0,0.0845654718416126,0.217735696453532,0.176901304660281,0.00829372194434229,5091517,77866132568,5074311415
"42","46","South Dakota",0.572195649550508,0.996760829775055,1,1,0.1865134601563,2,0.128087679871986,6,11.5993328458933,1,59896,4,226.981153160388,0.836054593851868,25,21266,7984,0.158798804635681,0.000150113267283496,0.00463571357362311,0.0462912121285746,0,0.00426599645069201,0.000461712019068934,6.26495454545454,0.949778370578191,1.21741564168792e-07,8.07,58.4260659504132,4.8435020440394,0.0879164935273589,0.000483319231783982,2.27444344368933e-06,0.0276706571498306,0.0282858782721533,4.54888688737866e-06,0.0193771209185112,0.388791939030041,0.00200070139531675,0.123328889639305,0.00120318058171166,0.0303540422915349,0.0309664152493467,0.451268911997234,0.00547592777063334,NA,0.00198445190461894,0.00540635206564954,0.00478542900552235,5.68610860922332e-06,0.00659019987808983,0,0.00196637007924161,1.10310507018932e-05,0.000169446036554855,1.13722172184466e-05,0.00557693532392624,0.00579187022935488,0.000205837131653884,0.00173767479097865,0,0,0,0,0,NA,0.245352174822821,0.166979402640174,0.00437943561712945,879336,196345992286,3383664203
"43","47","Tennessee",0.662333667108485,0.929958644524689,1,1,0.266217609816977,5,0.146167589515085,8,164.246851468487,6,54833,2,308.57956347408,0.817405108251514,25,19718,12976,0.35797067472068,0.000165232681281958,0.00601946878131616,0.0211129085817727,0,0.0229623032205505,0.00126176341515132,6.4896847155586,0.944624553174803,3.59557239020861e-08,7.51,59.9501784420929,7.92785722657905,0.227329077743846,7.70790523942644e-05,2.80555937833529e-06,0.00165697394651818,0.0231003195544205,5.90644079649535e-07,0.0114457962974885,0.470955935528906,0.00135368854555202,0.119044352926295,0.00107142836048426,0.0255206137790554,0.0352712017881752,0.442411168607031,0.00460238974419282,NA,0.00160773318480604,0.0055242940769621,0.00318711545378889,8.85966119474303e-07,0.00297935639877217,7.38305099561919e-06,0.000423299845782831,2.52648005070089e-05,0.000104544002097968,9.00732221465542e-06,0.00618271456475142,0.00507097474583109,0.000389677431548781,0.0028926793800836,2.95322039824768e-07,0,7.10249505778566e-05,3.11691740492255e-05,9.19322743872511e-06,0.0431679635045844,0.222656575315685,0.16354402985824,0.0125310045984353,6772268,106791646253,2322913374
"44","48","Texas",0.837202752191118,0.965355360883598,1,1,0.5861604999846,10,0.142226700706511,8,109.602477388774,6,63826,6,207.383232305239,0.852616829883092,22,19032,28275,0.389661866011401,0.00012299443465898,0.0125360319335359,0.0325096036680859,0.0148128844676517,0.0472925550779636,0.00108526349968686,6.79947255741534,0.947612928234911,5.0438885627755e-09,17.11,64.6732850708061,9.14353232315238,0.220707863059837,4.58871911249004e-05,1.95561849542955e-06,0.00570173684271645,0.0206883704620914,1.6762444246539e-06,0.016604982035898,0.479876063115729,0.00386460018958073,0.108603231807864,0.000950884571643769,0.0222840418519793,0.029539434759819,0.388084633022253,0.00587674329617921,NA,0.00125274825511686,0.00366200039796836,0.00286571445274007,8.03200453479992e-07,0.00189034972814458,1.29559725322207e-05,0.000379114106218441,6.02994010010392e-05,0.000107663782525166,1.02669971010051e-05,0.00206310766916048,0.0050417590900116,0.000219343567317732,0.00138384453782833,3.84139347316518e-07,3.49217588469562e-08,0.000196120597684506,0.000121406402597173,1.3721911469011e-05,NA,0.257774334337148,0.125486765666128,0.00637086586808372,28635442,676680588914,18979352230
"45","49","Utah",0.897814107768149,0.988567929392313,1,1,0.220880421954666,4,0.0913460748041053,1,38.2541535222737,2,74197,8,509.517514544579,0.89599888373391,21,20558,23474,0.270541750735771,8.1237887700679e-05,0.022299946474855,0.0565560846691316,0.0348999443685765,0.0567928422477115,0.00184118056421617,6.6085288966725,0.960316740503017,2.32413184240711e-08,17.56,64.4659831284916,6.04521351809903,0.260062980674582,0.000141531632478527,4.76003248246166e-06,0.0174114639180532,0.0174246654671051,6.34670997661555e-07,0.0117756856906125,0.445308613253637,0.00174316909936263,0.0963859761934996,0.000993577446839164,0.00809640759062978,0.0142006846372692,0.352359500501231,0.00646531865712235,NA,0.00163554716097383,0.00481461418826055,0.003600488569734,2.22134849181544e-06,0.000971363961921009,0,0.000485205977712259,0.000150036223847192,5.80723962860323e-05,1.55494394427081e-05,0.0013867561298905,0.00354146416695148,0.000203729390249359,0.000372869211126163,0,0,2.2848155915816e-05,0.000204227289647025,6.85679505743614e-05,0.0215615810914734,0.294350571314965,0.11075326244693,NA,3151239,213355058738,6529987297
"46","50","Vermont",0.351202111100226,0.984637656652466,0,1,0.0764631450812057,1,0.10784447726265,3,67.7349601823182,4,63477,6,201.84527720751,0.837052790163286,23,20170,5842,0.312281983193507,9.28981003940161e-05,0.0120360367072732,0.0787761705497266,0,0.0589780872392678,0.00406669442931736,6.14841530054645,0.932889991325917,4.11006461546946e-07,4.81,51.7739923834197,5.6725061429484,0.0770894862913595,0.000717557740974469,1.92202966332447e-05,0.0532646689709924,0.0358731031953422,1.92202966332447e-05,0.00378960181952141,0.49506745663502,0.00183373152952993,0.220518721049541,0.00177787743857514,0.0202542005966538,0.0207879862639155,0.540112759073582,0.00267195008955422,0.0251657750584617,0.00256270621776596,0.00493000608642727,0.00588461415254509,3.20338277220745e-06,0.00444949867059615,0,0.000895986161386424,0.000483710798603325,6.72710382163565e-05,9.61014831662235e-06,0.00504372617484063,0.0118381010346926,0.00039561777236762,0.000674312073549668,0,0,0,0.000641546272864145,0,0.0237580993707703,0.185206778357946,0.19359964122113,0.00614207823850476,624340,23873081385,1030243281
"47","51","Virginia",0.756345238827615,0.93309047758659,1,1,0.387810925336553,7,0.100139360371628,2,215.525634614228,8,76398,9,250.217736531537,0.863359778098885,19,17877,25019,0.422794043808852,9.35440723025168e-05,0.0399500671499316,0.0731343129858459,0.0705993302778879,0.0743888389663659,0.00180048835646591,6.16622185612301,0.939118833737788,3.09086065497134e-08,14.31,59.0794110292625,7.54547250297565,0.211178921413354,7.45062083414518e-05,3.40801268438818e-06,0.00485617515445086,0.0195323399743289,8.22623751404042e-07,0.0120179454196192,0.470854873032786,0.00131213606518094,0.0999683983325174,0.00070005281244484,0.0172104716280342,0.0205673714761879,0.415752633747458,0.00351716158689592,0.0279485244362736,0.0017219865470462,0.00438188168837179,0.00331963938995163,1.05765910894805e-06,0.00163608112386387,1.04590734107085e-05,0.000385599007586706,9.18988247997087e-05,5.8876357064775e-05,5.28829554474027e-06,0.00363352910995166,0.00573392258264372,0.000271583355642106,0.00159636014843893,1.17517678772006e-06,1.05765910894805e-06,0,0.000366046063639584,2.68433881851016e-05,NA,0.219593182000334,0.154458773505592,0.00761558714699299,8509358,102258180558,8528070310
"48","53","Washington",0.833718458807667,0.964878071182022,1,1,0.325399985224557,6,0.101871932915498,2,113.046330489447,6,77006,9,199.762091559792,0.903725004490984,19,17364,30651,0.404537041158323,7.17474224505538e-05,0.0601735612065849,0.113763032388967,0.0179735149624092,0.121611748192151,0.00234849679832119,7.22141958041958,0.930932796296538,1.92101361410089e-08,18.89,49.8655609531867,7.01868891855766,0.349467536242621,8.2795726835333e-05,6.12315664698604e-06,0.0162618569830613,0.0154241889249578,2.79535412145015e-06,0.015201801272951,0.476904642187171,0.00208753323500201,0.0775736351475496,0.00305132869171437,0.0099355785707166,0.0182026884693451,0.419328941965121,0.00508687659173061,0.0325154260286071,0.00182510001710491,0.00552441841659162,0.00504907510384408,1.19800890919292e-06,0.00110190197225544,2.23628329716012e-05,0.000419556031209463,0.000140832602880679,6.33613600862034e-05,9.71718337456481e-06,0.00201478476106045,0.00738758849458866,0.000343296108534283,0.00137451555514735,9.3178470715005e-07,1.19800890919292e-06,0,0.000254140418624247,2.41390808476312e-05,0.0461464121542643,0.220096732563812,0.154490436893882,0.00294877480301861,7512465,172117960159,12549742084
"49","54","West Virginia",0.44647926427595,0.97753430944706,0,1,0.0845096839372677,1,0.170969206381213,10,75.1809287599926,5,48037,1,146.113979332657,0.792318535618705,28,19726,5764,0.341077008272098,0.000137764976270121,0.00833110850977896,0.0391095515047874,0,0.0341304603195589,0.000108994780422546,6.02475,0.915446689411428,1.2203467938785e-07,4.88,57.1470325824176,7.48497612925887,0.122382960239851,0.000310386151355574,6.08600296775636e-06,0.0300627644680751,0.0313304527182668,3.87291097948132e-06,0.0314026687676287,0.476548954614992,0.00111680865118116,0.178354212944053,0.000741939089069207,0.0684455833888196,0.0582655841721547,0.4944130492756,0.00147811294672562,0.0217956364465267,0.00221087889628676,0.00551779159976674,0.00585473485498161,3.31963798241256e-06,0.00402174141569281,2.43440118710254e-05,0.00128862813747285,0.000198071732950616,0.000136658430275984,7.19254896189388e-06,0.00619223138319356,0.00758260642482735,0.000194198821971135,0.00350553770942766,2.7663649853438e-06,0,0.00198790987846805,0.000270638465973157,1.89269159567252e-05,0.198651809051451,0.202064704170461,0.199314384102032,0.0128452745136407,1807426,62266296765,489206049
"50","55","Wisconsin",0.670831383517162,0.967295811860975,1,1,0.193888039814189,3,0.109717933698914,4,107.205356287131,5,63293,6,163.718146928407,0.851967358233089,22,18989,16241,0.276141211270292,9.62635451332234e-05,0.0152790338231996,0.0536711567617455,0.000891703518972885,0.0512682654423067,0.00151559116407424,6.57070137382502,0.934083984633726,4.67575772398637e-08,11.52,58.6299843570026,7.97535219054364,0.18180868459577,0.000199415358254513,6.37164788896112e-06,0.016005633075372,0.0241235846157483,8.61033498508259e-07,0.0104934152463202,0.432311724287771,0.0008116285768955,0.122353146992519,0.000777513249152958,0.0167285243762189,0.0243145826228555,0.466584409266443,0.00274823567494934,0.0395958308758002,0.00132823027479884,0.00332031737694755,0.00326383357944541,1.37765359761322e-06,0.00245825063824108,7.23268138746938e-06,0.000597540027294762,4.88722613753288e-05,0.000100913126025168,1.05046086818008e-05,0.00548874413959075,0.00435441860865597,0.000279319266916079,0.00177596769402314,1.72206699701652e-07,0,0,7.70321897373417e-05,3.02016109936757e-06,0.0738353765232925,0.219446613770509,0.169244572260084,0.00250934368000276,5806975,140292246684,29343721650
"51","56","Wyoming",0.62017748083994,0.998179766479931,1,1,0.164328422906762,2,0.107621309040359,3,5.98783319956795,1,65304,7,150.919793630833,0.862376785247244,23,21798,4506,0.169340203330976,0.000196095970055801,0.00987800037235705,0.0584249145927581,0,0.017245401992898,NA,6.65269230769231,0.96202477372219,1.29857601026723e-07,8.14,58.83883690625,3.4846682125,0.106499569410957,0.000294143955083702,1.72014008820878e-06,0.0282928697562017,0.0288537316944069,3.44028017641757e-06,0.0716438346738958,0.408618546448993,0.00108476145966874,0.162530745614823,0.00105272573398378,0.0341083322860374,0.0313793784448554,0.479050413865705,0.00344881165439368,0.0322835891755025,0.00244603920543289,0.00795908818814204,0.00684443741098275,1.37611207056703e-05,0.00538231833600528,0,0.00341516613112972,0,7.91264440576041e-05,8.60070044104392e-06,0.00375162553238336,0.00424186545752286,0.000228778631731768,0.00114561329874705,0,0,0.00227574533670022,0,0,0.0821348673736018,0.231874883890544,0.164386907669761,NA,581348,251458712277,1867503715
"52","72","Puerto Rico",0.918753427550782,0.571078954920633,1,1,0.990258449792698,10,0.434074876907733,10,950.746423508605,10,21058,1,152.874591951102,0.654806265648987,NA,NA,NA,0.446076302457553,NA,0.0150755527469363,0.0447110985486585,NA,NA,NA,NA,0.846836281846388,NA,NA,NA,NA,0.0689179116611373,0.000138221585788609,5.83602251107462e-06,0.0222316781566855,0.0393937348096138,NA,NA,0.530242281099408,0.00138005505291732,0.227072083160254,0.000752846903928626,0.0642836812874044,0.13057508577055,0.479160792249271,NA,NA,NA,NA,NA,NA,NA,NA,NA,NA,NA,NA,0.00552886343154438,0.00874328319882837,0.000280743398690642,0.0161144867893951,3.07159079530243e-06,6.14318159060486e-07,0,0,5.22170435201413e-06,NA,0.187723343045703,0.204938380817055,0.0175744178948488,NA,NA,NA
